#VRML V2.0 utf8
# 3D model generated by easyeda2kicad.py (https://github.com/uPesy/easyeda2kicad.py)

Shape{
    appearance Appearance {
        material  Material 	{
            diffuseColor 0.25098039215686274 0.25098039215686274 0.25098039215686274
            specularColor 0.25098039215686274 0.25098039215686274 0.25098039215686274
            ambientIntensity 0.251
            transparency 0.0
            shininess 0.5
        }
    }
    geometry IndexedFaceSet {
        ccw TRUE
        solid FALSE
        coord DEF co Coordinate {
            point [
                0.6996 -0.3611 0.3839, 0.7942 -0.3611 0.3839, 0.7942 0.1525 0.3839, 0.4644 0.1633 0.3839, 0.4644 0.1864 0.3839, 0.4535 0.1864 0.3839, 0.5098 0.1632 0.3839, 0.509 0.1631 0.3839, 0.5155 0.1631 0.3839, 0.5383 0.1633 0.3839, 0.5383 0.1864 0.3839, 0.5365 0.1864 0.3839, 0.4425 0.1898 0.3839, 0.4421 0.1864 0.3839, 0.3736 0.1854 0.3839, 0.3769 0.1824 0.3839, 0.3846 0.1864 0.3839, 0.3228 0.2024 0.3839, 0.3242 0.2055 0.3839, -0.1509 0.2055 0.3839, 0.405 0.2354 0.3839, 0.4091 0.2326 0.3839, 0.4535 0.2326 0.3839, 0.4135 0.2297 0.3839, 0.4198 0.2224 0.3839, 0.4237 0.2147 0.3839, 0.4247 0.2144 0.3839, 0.3955 0.2387 0.3839, 0.4535 0.3612 0.3839, 0.3877 0.2395 0.3839, 0.3783 0.2384 0.3839, 0.3696 0.235 0.3839, -0.1509 0.3612 0.3839, 0.3657 0.2326 0.3839, -0.1509 0.2326 0.3839, 0.3649 0.2321 0.3839, 0.3258 0.2092 0.3839, 0.3304 0.2151 0.3839, 0.3447 0.2232 0.3839, 0.3522 0.2242 0.3839, 0.3605 0.2283 0.3839, 0.3544 0.224 0.3839, 0.3566 0.2238 0.3839, 0.3317 0.2163 0.3839, 0.3377 0.2205 0.3839, -0.1509 0.1864 0.3839, 0.3215 0.1934 0.3839, 0.3215 0.1952 0.3839, 0.3354 0.1677 0.3839, 0.3294 0.1727 0.3839, -0.1509 0.1631 0.3839, 0.3251 0.1789 0.3839, 0.3224 0.186 0.3839, 0.3223 0.1864 0.3839, 0.3422 0.1643 0.3839, 0.3449 0.1631 0.3839, 0.3446 0.1636 0.3839, 0.3531 0.1533 0.3839, 0.3493 0.1561 0.3839, 0.3465 0.1595 0.3839, 0.3705 0.1525 0.3839, 0.3672 0.1513 0.3839, 0.4535 -0.3611 0.3839, 0.3626 0.1507 0.3839, 0.3619 0.1507 0.3839, 0.3574 0.1514 0.3839, 0.3548 0.1525 0.3839, -0.1509 -0.3611 0.3839, 0.3804 0.1631 0.3839, 0.3804 0.163 0.3839, 0.4535 0.1525 0.3839, 0.3781 0.1588 0.3839, 0.3753 0.1556 0.3839, 0.3715 0.1529 0.3839, 0.4047 0.1743 0.3839, 0.406 0.1748 0.3839, 0.4082 0.1856 0.3839, 0.4035 0.1735 0.3839, 0.4393 0.177 0.3839, 0.4355 0.1718 0.3839, 0.4535 0.1631 0.3839, 0.4074 0.175 0.3839, 0.4076 0.175 0.3839, 0.4082 0.1749 0.3839, 0.4417 0.1831 0.3839, 0.4304 0.1674 0.3839, 0.4246 0.1646 0.3839, 0.4182 0.1632 0.3839, 0.4015 0.1691 0.3839, 0.4016 0.1699 0.3839, 0.3816 0.1716 0.3839, 0.402 0.1713 0.3839, 0.4027 0.1726 0.3839, 0.4269 0.1796 0.3839, 0.429 0.1825 0.3839, 0.407 0.1632 0.3839, 0.406 0.1634 0.3839, 0.4047 0.1639 0.3839, 0.4035 0.1648 0.3839, 0.403 0.1652 0.3839, 0.4022 0.1664 0.3839, 0.4017 0.1677 0.3839, 0.3815 0.1677 0.3839, 0.3816 0.1697 0.3839, 0.4086 0.1748 0.3839, 0.4171 0.1748 0.3839, 0.4205 0.1755 0.3839, 0.4239 0.177 0.3839, 0.4267 0.1793 0.3839, 0.3649 0.1887 0.3839, 0.3695 0.1876 0.3839, 0.4142 0.2055 0.3839, 0.3626 0.1889 0.3839, 0.4303 0.1859 0.3839, 0.4304 0.1864 0.3839, 0.4077 0.1864 0.3839, 0.4308 0.1896 0.3839, 0.4307 0.1913 0.3839, 0.3581 0.1883 0.3839, 0.3376 0.2055 0.3839, 0.3539 0.1867 0.3839, 0.3356 0.2026 0.3839, 0.334 0.1984 0.3839, 0.3349 0.1864 0.3839, 0.3535 0.1864 0.3839, 0.3336 0.1908 0.3839, 0.3334 0.1938 0.3839, 0.4258 0.2006 0.3839, 0.4229 0.2027 0.3839, 0.4298 0.195 0.3839, 0.428 0.1982 0.3839, 0.4144 0.2044 0.3839, 0.4023 0.1957 0.3839, 0.416 0.2044 0.3839, 0.4196 0.204 0.3839, 0.3717 0.1864 0.3839, 0.335 0.1862 0.3839, 0.3469 0.1804 0.3839, 0.35 0.184 0.3839, 0.3373 0.1824 0.3839, 0.3407 0.1789 0.3839, 0.3448 0.1763 0.3839, 0.4103 0.2159 0.3839, 0.4061 0.221 0.3839, 0.3625 0.2099 0.3839, 0.4056 0.2214 0.3839, 0.4003 0.2251 0.3839, 0.3654 0.2159 0.3839, 0.3611 0.2107 0.3839, 0.4133 0.2097 0.3839, 0.3569 0.2122 0.3839, 0.3524 0.2128 0.3839, 0.3504 0.2127 0.3839, 0.3696 0.221 0.3839, 0.3943 0.2274 0.3839, 0.3747 0.2247 0.3839, 0.3879 0.2281 0.3839, 0.3809 0.2272 0.3839, 0.3457 0.2116 0.3839, 0.3415 0.2093 0.3839, 0.3382 0.2064 0.3839, 0.4417 0.196 0.3839, 0.4393 0.2018 0.3839, 0.4535 0.2055 0.3839, 0.4303 0.2116 0.3839, 0.4355 0.2072 0.3839, 0.4367 0.2055 0.3839, 0.5802 0.2055 0.3839, 0.5911 0.19 0.3839, 0.5948 0.19 0.3839, 0.5897 0.1864 0.3839, 0.5802 0.1864 0.3839, 0.5809 0.1633 0.3839, 0.5802 0.1631 0.3839, 0.5847 0.1633 0.3839, 0.6011 0.1633 0.3839, 0.5984 0.1706 0.3839, 0.5873 0.1706 0.3839, 0.5766 0.1852 0.3839, 0.5782 0.1828 0.3839, 0.5786 0.1719 0.3839, 0.5772 0.1692 0.3839, 0.5754 0.1671 0.3839, 0.5726 0.1651 0.3839, 0.5695 0.1639 0.3839, 0.565 0.1633 0.3839, 0.5552 0.1631 0.3839, 0.5791 0.1802 0.3839, 0.5794 0.177 0.3839, 0.5793 0.175 0.3839, 0.5658 0.19 0.3839, 0.5698 0.1895 0.3839, 0.5577 0.1633 0.3839, 0.5577 0.1864 0.3839, 0.5552 0.1864 0.3839, 0.5577 0.19 0.3839, 0.5552 0.2055 0.3839, 0.5653 0.19 0.3839, 0.573 0.1882 0.3839, 0.5754 0.1865 0.3839, 0.5755 0.1864 0.3839, 0.5527 0.1664 0.3839, 0.5527 0.1633 0.3839, 0.5467 0.1631 0.3839, 0.5513 0.1754 0.3839, 0.5467 0.1664 0.3839, 0.5467 0.1754 0.3839, 0.5418 0.1664 0.3839, 0.5418 0.1754 0.3839, 0.5418 0.1864 0.3839, 0.5418 0.1784 0.3839, 0.5467 0.1864 0.3839, 0.5467 0.1784 0.3839, 0.5513 0.1784 0.3839, 0.5418 0.187 0.3839, 0.5467 0.187 0.3839, 0.5521 0.187 0.3839, 0.5521 0.19 0.3839, 0.5467 0.19 0.3839, 0.5467 0.2055 0.3839, 0.5383 0.19 0.3839, 0.5365 0.2055 0.3839, 0.5467 0.1633 0.3839, 0.5365 0.1631 0.3839, 0.5031 0.1667 0.3839, 0.5033 0.1666 0.3839, 0.5033 0.1737 0.3839, 0.5028 0.1742 0.3839, 0.5023 0.1749 0.3839, 0.5018 0.1675 0.3839, 0.502 0.176 0.3839, 0.5018 0.1773 0.3839, 0.5007 0.1864 0.3839, 0.5019 0.1785 0.3839, 0.5033 0.1737 0.3839, 0.5018 0.164 0.3839, 0.5007 0.1631 0.3839, 0.5033 0.1635 0.3839, 0.5033 0.1631 0.3839, 0.5041 0.1632 0.3839, 0.5048 0.1631 0.3839, 0.5155 0.1864 0.3839, 0.5138 0.182 0.3839, 0.5138 0.1787 0.3839, 0.5135 0.1717 0.3839, 0.5142 0.1708 0.3839, 0.504 0.1813 0.3839, 0.5048 0.1818 0.3839, 0.5033 0.1864 0.3839, 0.5023 0.1795 0.3839, 0.503 0.1804 0.3839, 0.5033 0.1808 0.3839, 0.5145 0.1698 0.3839, 0.5147 0.1685 0.3839, 0.5145 0.1672 0.3839, 0.5141 0.1661 0.3839, 0.5135 0.1652 0.3839, 0.5066 0.1825 0.3839, 0.5092 0.1828 0.3839, 0.5113 0.1827 0.3839, 0.5125 0.1644 0.3839, 0.5116 0.1639 0.3839, 0.5089 0.1801 0.3839, 0.5079 0.1801 0.3839, 0.5053 0.1776 0.3839, 0.507 0.1798 0.3839, 0.5063 0.1794 0.3839, 0.5053 0.1771 0.3839, 0.5054 0.1766 0.3839, 0.5057 0.1761 0.3839, 0.506 0.1758 0.3839, 0.5072 0.175 0.3839, 0.5113 0.1798 0.3839, 0.5092 0.1741 0.3839, 0.5132 0.1791 0.3839, 0.5105 0.1736 0.3839, 0.5127 0.1724 0.3839, 0.5058 0.179 0.3839, 0.5055 0.1785 0.3839, 0.5053 0.1781 0.3839, 0.5052 0.1659 0.3839, 0.5069 0.1717 0.3839, 0.5049 0.1726 0.3839, 0.5073 0.1656 0.3839, 0.5074 0.1656 0.3839, 0.5091 0.1708 0.3839, 0.5092 0.1658 0.3839, 0.5112 0.1682 0.3839, 0.5112 0.1686 0.3839, 0.51 0.1661 0.3839, 0.5103 0.1663 0.3839, 0.5107 0.1667 0.3839, 0.511 0.1671 0.3839, 0.5112 0.1676 0.3839, 0.511 0.1691 0.3839, 0.5108 0.1696 0.3839, 0.5104 0.17 0.3839, 0.5715 0.2057 0.3839, 0.5677 0.2057 0.3839, 0.565 0.213 0.3839, 0.5552 0.213 0.3839, 0.5613 0.2324 0.3839, 0.5802 0.2326 0.3839, 0.5552 0.2326 0.3839, 0.5539 0.213 0.3839, 0.5513 0.2057 0.3839, 0.5475 0.2057 0.3839, 0.5467 0.2326 0.3839, 0.5552 0.2259 0.3839, 0.5577 0.2324 0.3839, 0.5243 0.2057 0.3839, 0.5243 0.2324 0.3839, 0.5186 0.2293 0.3839, 0.5186 0.2324 0.3839, 0.5155 0.2324 0.3839, 0.5155 0.2326 0.3839, 0.5365 0.2326 0.3839, 0.5319 0.2324 0.3839, 0.5324 0.2324 0.3839, 0.5192 0.2087 0.3839, 0.5192 0.2057 0.3839, 0.5361 0.2062 0.3839, 0.5316 0.2057 0.3839, 0.5155 0.2055 0.3839, 0.5432 0.2276 0.3839, 0.5448 0.2251 0.3839, 0.5452 0.2143 0.3839, 0.5438 0.2116 0.3839, 0.542 0.2288 0.3839, 0.542 0.2094 0.3839, 0.5392 0.2074 0.3839, 0.5365 0.2064 0.3839, 0.5364 0.2318 0.3839, 0.5365 0.2318 0.3839, 0.5396 0.2305 0.3839, 0.5457 0.2225 0.3839, 0.546 0.2194 0.3839, 0.5459 0.2174 0.3839, 0.5083 0.2177 0.3839, 0.5083 0.2087 0.3839, 0.5155 0.2177 0.3839, 0.5155 0.2087 0.3839, 0.5179 0.2177 0.3839, 0.5179 0.2208 0.3839, 0.5155 0.2208 0.3839, 0.5155 0.2293 0.3839, 0.5083 0.2208 0.3839, 0.5083 0.2293 0.3839, 0.5049 0.2324 0.3839, 0.5033 0.2326 0.3839, 0.5049 0.2057 0.3839, 0.5007 0.2055 0.3839, 0.4995 0.2281 0.3839, 0.4995 0.2101 0.3839, 0.499 0.2284 0.3839, 0.4984 0.2096 0.3839, 0.4984 0.2286 0.3839, 0.4962 0.2294 0.3839, 0.4941 0.2084 0.3839, 0.4971 0.209 0.3839, 0.4832 0.2185 0.3839, 0.4832 0.2187 0.3839, 0.4932 0.2297 0.3839, 0.4923 0.2297 0.3839, 0.49 0.2292 0.3839, 0.4855 0.2262 0.3839, 0.4843 0.2243 0.3839, 0.4835 0.2219 0.3839, 0.4836 0.2152 0.3839, 0.4844 0.213 0.3839, 0.4858 0.2111 0.3839, 0.4881 0.2093 0.3839, 0.49 0.2086 0.3839, 0.4926 0.2083 0.3839, 0.4879 0.2283 0.3839, 0.486 0.2268 0.3839, 0.4864 0.2106 0.3839, 0.4995 0.2317 0.3839, 0.5007 0.2326 0.3839, 0.4984 0.2321 0.3839, 0.4984 0.2326 0.3839, 0.497 0.2325 0.3839, 0.4959 0.2326 0.3839, 0.4936 0.2328 0.3839, 0.4984 0.3612 0.3839, 0.4932 0.2328 0.3839, 0.4792 0.3612 0.3839, 0.4913 0.2326 0.3839, 0.4811 0.2114 0.3839, 0.4801 0.2142 0.3839, 0.4792 0.2055 0.3839, 0.4866 0.2313 0.3839, 0.4894 0.2324 0.3839, 0.4792 0.2326 0.3839, 0.485 0.2072 0.3839, 0.4875 0.2059 0.3839, 0.4898 0.2055 0.3839, 0.483 0.2089 0.3839, 0.4827 0.2091 0.3839, 0.4816 0.2267 0.3839, 0.4834 0.2289 0.3839, 0.484 0.2295 0.3839, 0.4796 0.2185 0.3839, 0.4796 0.2203 0.3839, 0.4803 0.2237 0.3839, 0.4904 0.2053 0.3839, 0.4792 0.1864 0.3839, 0.4922 0.2052 0.3839, 0.4984 0.1864 0.3839, 0.4945 0.2055 0.3839, 0.4995 0.2068 0.3839, 0.4991 0.2066 0.3839, 0.4984 0.2055 0.3839, 0.4984 0.2063 0.3839, 0.4962 0.2056 0.3839, 0.4786 0.1664 0.3839, 0.4787 0.1664 0.3839, 0.4787 0.1633 0.3839, 0.4792 0.1631 0.3839, 0.4786 0.1631 0.3839, 0.4678 0.1784 0.3839, 0.4774 0.1784 0.3839, 0.4786 0.1864 0.3839, 0.4774 0.1754 0.3839, 0.4678 0.1754 0.3839, 0.4678 0.1664 0.3839, 0.4644 0.19 0.3839, 0.4781 0.19 0.3839, 0.4781 0.187 0.3839, 0.4678 0.1864 0.3839, 0.4678 0.187 0.3839, 0.4786 0.1633 0.3839, 0.4838 0.1778 0.3839, 0.4838 0.1811 0.3839, 0.4973 0.1756 0.3839, 0.4973 0.1633 0.3839, 0.4984 0.1631 0.3839, 0.4939 0.1633 0.3839, 0.4847 0.1636 0.3839, 0.486 0.1631 0.3839, 0.4861 0.1631 0.3839, 0.4825 0.1658 0.3839, 0.4821 0.1669 0.3839, 0.4912 0.18 0.3839, 0.4901 0.1801 0.3839, 0.4883 0.1747 0.3839, 0.4836 0.1644 0.3839, 0.4832 0.1648 0.3839, 0.4832 0.1723 0.3839, 0.4842 0.1732 0.3839, 0.4856 0.174 0.3839, 0.4861 0.1792 0.3839, 0.4881 0.1799 0.3839, 0.4819 0.1684 0.3839, 0.4821 0.17 0.3839, 0.4825 0.1712 0.3839, 0.4939 0.1663 0.3839, 0.4938 0.1663 0.3839, 0.4933 0.1655 0.3839, 0.4923 0.1644 0.3839, 0.4926 0.1826 0.3839, 0.4939 0.1822 0.3839, 0.495 0.1815 0.3839, 0.4939 0.1755 0.3839, 0.4938 0.1769 0.3839, 0.4935 0.1781 0.3839, 0.4931 0.1788 0.3839, 0.4957 0.1809 0.3839, 0.4964 0.1798 0.3839, 0.4969 0.1784 0.3839, 0.4848 0.1816 0.3839, 0.4874 0.1825 0.3839, 0.4904 0.1828 0.3839, 0.4926 0.1794 0.3839, 0.492 0.1797 0.3839, 0.488 0.1629 0.3839, 0.4792 0.1525 0.3839, 0.4897 0.1631 0.3839, 0.4984 0.1525 0.3839, 0.4898 0.1631 0.3839, 0.5201 0.1824 0.3839, 0.5239 0.1634 0.3839, 0.5164 0.1824 0.3839, 0.5251 0.1681 0.3839, 0.5255 0.1665 0.3839, 0.5256 0.1665 0.3839, 0.5258 0.1672 0.3839, 0.526 0.168 0.3839, 0.5312 0.1824 0.3839, 0.5347 0.1824 0.3839, 0.507 0.1629 0.3839, 0.5033 0.1525 0.3839, 0.5155 0.1525 0.3839, 0.5171 0.1576 0.3839, 0.5218 0.1587 0.3839, 0.5224 0.1599 0.3839, 0.5238 0.1631 0.3839, 0.5192 0.1544 0.3839, 0.5206 0.1545 0.3839, 0.5365 0.1525 0.3839, 0.5185 0.1544 0.3839, 0.5171 0.1546 0.3839, 0.5271 0.1631 0.3839, 0.5261 0.1605 0.3839, 0.5245 0.1575 0.3839, 0.5233 0.156 0.3839, 0.5231 0.1558 0.3839, 0.5219 0.155 0.3839, 0.5178 0.1574 0.3839, 0.519 0.1572 0.3839, 0.5198 0.1573 0.3839, 0.5205 0.1576 0.3839, 0.5211 0.158 0.3839, -0.6892 -0.3013 0.3839, -0.7018 -0.2961 0.3839, -0.7942 -0.3611 0.3839, -0.6232 -0.2507 0.3839, -0.625 -0.2643 0.3839, -0.6302 -0.2769 0.3839, -0.6385 -0.2878 0.3839, -0.6494 -0.2961 0.3839, -0.662 -0.3013 0.3839, -0.6756 -0.3031 0.3839, -0.7127 -0.2878 0.3839, -0.721 -0.2769 0.3839, -0.7262 -0.2643 0.3839, -0.7127 -0.2136 0.3839, -0.7018 -0.2053 0.3839, -0.7942 0.1525 0.3839, -0.1509 0.1525 0.3839, -0.625 -0.2371 0.3839, -0.728 -0.2507 0.3839, -0.7262 -0.2371 0.3839, -0.721 -0.2245 0.3839, -0.6892 -0.2001 0.3839, -0.6756 -0.1983 0.3839, -0.662 -0.2001 0.3839, -0.6494 -0.2053 0.3839, -0.6385 -0.2136 0.3839, -0.6302 -0.2245 0.3839, 0.6996 0.1525 0.3839, 0.5802 -0.3611 0.3839, 0.5802 0.1525 0.3839, 0.5552 -0.3611 0.3839, 0.5552 0.1525 0.3839, 0.5467 -0.3611 0.3839, 0.5467 0.1525 0.3839, 0.5365 -0.3611 0.3839, 0.5155 -0.3611 0.3839, 0.5033 -0.3611 0.3839, 0.5007 -0.3611 0.3839, 0.5007 0.1525 0.3839, 0.4984 -0.3611 0.3839, 0.4792 -0.3611 0.3839, 0.4786 -0.3611 0.3839, 0.4786 0.1525 0.3839, 0.4911 0.1636 0.3839, 0.6996 0.1631 0.3839, 0.4786 0.2055 0.3839, 0.5033 0.2055 0.3839, 0.4785 0.2087 0.3839, 0.4785 0.2057 0.3839, 0.4644 0.2057 0.3839, 0.4678 0.2324 0.3839, 0.4786 0.2326 0.3839, 0.4644 0.2324 0.3839, 0.4678 0.2087 0.3839, 0.5155 0.2057 0.3839, 0.6049 0.1633 0.3839, 0.5961 0.1864 0.3839, 0.6996 0.1864 0.3839, 0.6996 0.2055 0.3839, 0.6996 0.2326 0.3839, 0.7942 0.1631 0.3839, 0.7942 0.1864 0.3839, 0.7942 0.2055 0.3839, 0.7942 0.2326 0.3839, -0.7942 0.1631 0.3839, -0.7942 0.1864 0.3839, -0.7942 0.2055 0.3839, -0.7942 0.2326 0.3839, -0.7942 0.3612 0.3839, 0.4786 0.3612 0.3839, 0.7942 0.3612 0.3839, 0.6996 0.3612 0.3839, 0.5802 0.3612 0.3839, 0.5552 0.3612 0.3839, 0.5467 0.3612 0.3839, 0.5365 0.3612 0.3839, 0.5155 0.3612 0.3839, 0.5033 0.3612 0.3839, 0.5007 0.3612 0.3839, -0.815 -0.3937 0.1201, -0.7382 -0.3937 0.1201, -0.815 -0.3937 0.1752, -0.7382 -0.3937 0.1752, -0.5413 -0.3937 0.1201, -0.5413 -0.3937 0.1752, -0.6398 -0.3937 0.1201, -0.6398 -0.3937 0.1752, -0.3445 -0.3937 0.1201, -0.3445 -0.3937 0.1752, -0.4429 -0.3937 0.1201, -0.4429 -0.3937 0.1752, -0.1476 -0.3937 0.1201, -0.1476 -0.3937 0.1752, -0.2461 -0.3937 0.1201, -0.2461 -0.3937 0.1752, 0.0492 -0.3937 0.1201, 0.0492 -0.3937 0.1752, -0.0492 -0.3937 0.1201, -0.0492 -0.3937 0.1752, 0.2461 -0.3937 0.1201, 0.2461 -0.3937 0.1752, 0.1476 -0.3937 0.1201, 0.1476 -0.3937 0.1752, 0.4429 -0.3937 0.1201, 0.4429 -0.3937 0.1752, 0.3445 -0.3937 0.1201, 0.3445 -0.3937 0.1752, 0.6398 -0.3937 0.1201, 0.6398 -0.3937 0.1752, 0.5413 -0.3937 0.1201, 0.5413 -0.3937 0.1752, 0.815 0.3938 0.1201, 0.7382 0.3938 0.1201, 0.815 0.3938 0.1752, 0.7382 0.3938 0.1752, 0.5413 0.3938 0.1201, 0.5413 0.3938 0.1752, 0.6398 0.3938 0.1201, 0.6398 0.3938 0.1752, 0.3445 0.3938 0.1201, 0.3445 0.3938 0.1752, 0.4429 0.3938 0.1201, 0.4429 0.3938 0.1752, 0.1476 0.3938 0.1201, 0.1476 0.3938 0.1752, 0.2461 0.3938 0.1201, 0.2461 0.3938 0.1752, -0.0492 0.3938 0.1201, -0.0492 0.3938 0.1752, 0.0492 0.3938 0.1201, 0.0492 0.3938 0.1752, -0.2461 0.3938 0.1201, -0.2461 0.3938 0.1752, -0.1476 0.3938 0.1201, -0.1476 0.3938 0.1752, -0.4429 0.3938 0.1201, -0.4429 0.3938 0.1752, -0.3445 0.3938 0.1201, -0.3445 0.3938 0.1752, -0.6398 0.3938 0.1201, -0.6398 0.3938 0.1752, -0.5413 0.3938 0.1201, -0.5413 0.3938 0.1752, 0.8268 0.3819 0.1752, 0.8268 -0.3818 0.1752, 0.8268 0.3819 0.1201, 0.8268 -0.3818 0.1201, -0.815 0.3938 0.1752, -0.7382 0.3938 0.1752, -0.815 0.3938 0.1201, -0.7382 0.3938 0.1201, -0.8268 -0.3818 0.1752, -0.8268 0.3819 0.1752, -0.8268 -0.3818 0.1201, -0.8268 0.3819 0.1201, 0.815 -0.3937 0.1752, 0.7382 -0.3937 0.1752, 0.815 -0.3937 0.1201, 0.7382 -0.3937 0.1201, 0.8173 0.3725 0.0295, 0.8173 -0.3724 0.0295, 0.8055 -0.3841 0.0295, -0.8055 -0.3841 0.0295, -0.8173 -0.3724 0.0295, -0.8055 0.3842 0.0295, -0.8173 0.3725 0.0295, -0.8086 0.3838 0.0295, -0.8114 0.3827 0.0295, -0.81 0.3833 0.0295, -0.8164 0.377 0.0295, 0.8055 0.3842 0.0295, -0.8086 -0.3837 0.0295, -0.8164 -0.3769 0.0295, -0.8169 -0.3754 0.0295, -0.81 -0.3832 0.0295, -0.8114 -0.3826 0.0295, -0.8157 -0.3783 0.0295, 0.8169 -0.3754 0.0295, 0.81 -0.3832 0.0295, 0.8086 -0.3837 0.0295, -0.8169 0.3755 0.0295, 0.8157 0.3784 0.0295, 0.8164 0.377 0.0295, 0.8114 0.3827 0.0295, 0.81 0.3833 0.0295, 0.8086 0.3838 0.0295, 0.8169 0.3755 0.0295, -0.8148 -0.3795 0.0295, -0.8127 -0.3817 0.0295, -0.8138 -0.3807 0.0295, 0.8164 -0.3769 0.0295, 0.8157 -0.3783 0.0295, 0.8114 -0.3826 0.0295, 0.8148 -0.3795 0.0295, 0.8127 -0.3817 0.0295, 0.8138 -0.3807 0.0295, -0.8157 0.3784 0.0295, -0.8148 0.3796 0.0295, -0.8127 0.3818 0.0295, -0.8138 0.3808 0.0295, 0.8148 0.3796 0.0295, 0.8127 0.3818 0.0295, 0.8138 0.3808 0.0295
            ]
        }
        coordIndex [
            0,1,2,-1,3,4,5,-1,6,7,8,-1,9,10,11,-1,12,13,5,-1,14,15,16,-1,17,18,19,-1,20,21,22,-1,22,21,23,-1,23,24,22,-1,22,24,25,-1,22,25,26,-1,27,28,29,-1,29,28,30,-1,30,28,31,-1,31,28,32,-1,31,32,33,-1,33,32,34,-1,33,34,35,-1,19,18,34,-1,34,18,36,-1,34,36,37,-1,34,38,35,-1,35,38,39,-1,35,39,40,-1,40,39,41,-1,40,41,42,-1,37,43,34,-1,34,43,44,-1,34,44,38,-1,45,46,19,-1,19,46,47,-1,19,47,17,-1,48,49,50,-1,49,51,50,-1,50,51,52,-1,50,52,45,-1,45,52,53,-1,45,53,46,-1,48,50,54,-1,54,50,55,-1,54,55,56,-1,57,58,50,-1,50,58,59,-1,50,59,55,-1,60,61,62,-1,62,61,63,-1,62,63,64,-1,64,65,62,-1,62,65,66,-1,62,66,67,-1,68,69,70,-1,69,71,70,-1,70,71,72,-1,70,72,73,-1,74,75,76,-1,74,76,77,-1,78,79,80,-1,75,81,76,-1,76,81,82,-1,76,82,83,-1,78,80,84,-1,79,85,80,-1,80,85,86,-1,80,86,87,-1,88,89,90,-1,90,89,91,-1,90,91,76,-1,76,91,92,-1,76,92,77,-1,76,93,94,-1,95,96,68,-1,96,97,68,-1,68,97,98,-1,68,98,99,-1,99,100,68,-1,68,100,101,-1,68,101,102,-1,102,101,88,-1,102,88,103,-1,103,88,90,-1,83,104,76,-1,76,104,105,-1,76,105,106,-1,106,107,76,-1,76,107,108,-1,76,108,93,-1,109,110,111,-1,109,111,112,-1,94,113,76,-1,76,113,114,-1,76,114,115,-1,115,114,116,-1,115,116,117,-1,118,119,120,-1,120,119,121,-1,120,121,122,-1,123,124,125,-1,125,124,120,-1,125,120,126,-1,126,120,122,-1,115,127,128,-1,117,129,115,-1,115,129,130,-1,115,130,127,-1,131,132,133,-1,133,132,115,-1,133,115,134,-1,134,115,128,-1,131,111,132,-1,132,111,110,-1,132,110,16,-1,16,110,135,-1,16,135,14,-1,136,137,123,-1,123,137,138,-1,123,138,124,-1,136,139,137,-1,137,139,140,-1,137,140,141,-1,142,143,144,-1,143,145,144,-1,144,145,146,-1,144,146,147,-1,119,144,148,-1,118,112,119,-1,119,112,111,-1,119,111,144,-1,144,111,149,-1,144,149,142,-1,148,150,119,-1,119,150,151,-1,119,151,152,-1,147,146,153,-1,153,146,154,-1,153,154,155,-1,155,154,156,-1,155,156,157,-1,158,159,152,-1,152,159,160,-1,152,160,119,-1,12,5,161,-1,162,161,163,-1,26,164,22,-1,22,164,165,-1,22,165,163,-1,163,165,166,-1,163,166,162,-1,167,168,169,-1,168,167,170,-1,170,167,171,-1,170,171,172,-1,172,171,173,-1,172,173,174,-1,175,176,177,-1,178,179,171,-1,180,181,173,-1,173,181,182,-1,173,182,183,-1,183,184,173,-1,173,184,185,-1,173,185,186,-1,179,187,171,-1,171,187,188,-1,171,188,173,-1,173,188,189,-1,173,189,180,-1,190,191,167,-1,192,193,194,-1,194,193,195,-1,194,195,196,-1,196,195,197,-1,191,198,167,-1,167,198,199,-1,167,199,171,-1,171,199,200,-1,171,200,178,-1,201,202,186,-1,186,202,203,-1,185,192,186,-1,186,192,194,-1,186,194,201,-1,201,194,204,-1,201,204,205,-1,205,204,206,-1,205,206,207,-1,207,206,208,-1,209,210,211,-1,211,210,212,-1,211,212,194,-1,194,212,213,-1,194,213,204,-1,214,209,215,-1,215,209,211,-1,215,211,216,-1,216,211,194,-1,216,194,217,-1,217,194,196,-1,217,196,218,-1,218,196,219,-1,218,219,220,-1,220,219,221,-1,202,222,203,-1,203,222,9,-1,203,9,223,-1,223,9,11,-1,224,225,226,-1,227,228,229,-1,228,230,229,-1,229,230,231,-1,229,231,232,-1,232,231,233,-1,224,226,229,-1,229,226,234,-1,229,234,227,-1,235,236,237,-1,237,236,238,-1,237,238,239,-1,239,238,240,-1,241,242,243,-1,244,245,243,-1,246,247,248,-1,233,249,232,-1,232,249,250,-1,232,250,248,-1,248,250,251,-1,248,251,246,-1,252,253,8,-1,253,254,8,-1,8,254,255,-1,8,255,256,-1,247,257,248,-1,248,257,258,-1,248,258,241,-1,241,258,259,-1,241,259,242,-1,256,260,8,-1,8,260,261,-1,8,261,6,-1,262,263,264,-1,264,263,265,-1,264,265,266,-1,264,267,262,-1,262,267,268,-1,262,268,269,-1,269,270,262,-1,262,270,271,-1,262,271,272,-1,272,271,273,-1,272,273,274,-1,274,273,275,-1,274,275,243,-1,243,275,276,-1,243,276,244,-1,277,278,266,-1,266,278,279,-1,266,279,264,-1,280,281,225,-1,225,281,282,-1,225,282,226,-1,280,283,281,-1,281,283,284,-1,281,284,285,-1,285,284,286,-1,285,287,288,-1,286,289,285,-1,285,289,290,-1,285,290,291,-1,291,292,285,-1,285,292,293,-1,285,293,287,-1,288,294,285,-1,285,294,295,-1,285,295,296,-1,167,297,298,-1,299,300,298,-1,298,300,196,-1,298,196,167,-1,167,196,197,-1,167,197,190,-1,297,167,301,-1,301,167,302,-1,301,302,303,-1,300,304,196,-1,196,304,305,-1,196,305,219,-1,219,305,306,-1,219,306,307,-1,307,306,308,-1,307,308,303,-1,303,308,309,-1,303,309,301,-1,310,311,312,-1,312,311,313,-1,314,313,315,-1,315,313,311,-1,315,311,316,-1,316,311,317,-1,316,317,318,-1,319,320,310,-1,321,322,221,-1,221,322,310,-1,221,310,323,-1,323,310,320,-1,324,325,307,-1,326,327,219,-1,324,307,328,-1,327,329,219,-1,219,329,330,-1,219,330,221,-1,221,330,331,-1,221,331,321,-1,318,332,316,-1,316,332,333,-1,316,333,307,-1,307,333,334,-1,307,334,328,-1,325,335,307,-1,307,335,336,-1,307,336,219,-1,219,336,337,-1,219,337,326,-1,338,339,340,-1,340,339,341,-1,340,341,342,-1,341,319,342,-1,342,319,310,-1,342,310,343,-1,343,310,312,-1,343,312,344,-1,344,312,345,-1,344,345,346,-1,346,345,347,-1,314,315,348,-1,348,315,349,-1,348,349,350,-1,351,352,353,-1,353,352,354,-1,353,354,355,-1,355,354,356,-1,355,356,357,-1,358,359,360,-1,360,359,355,-1,360,355,361,-1,357,362,355,-1,355,362,363,-1,355,363,364,-1,365,366,355,-1,355,366,367,-1,355,367,361,-1,368,369,370,-1,371,372,360,-1,360,372,373,-1,360,373,358,-1,364,374,355,-1,355,374,375,-1,355,375,365,-1,368,370,360,-1,360,370,376,-1,360,376,371,-1,377,378,379,-1,379,378,380,-1,379,380,381,-1,381,380,382,-1,383,384,385,-1,385,384,386,-1,385,386,387,-1,388,389,390,-1,391,392,393,-1,394,390,395,-1,395,390,396,-1,394,397,390,-1,390,397,398,-1,390,398,388,-1,399,400,393,-1,393,400,401,-1,393,401,391,-1,402,403,393,-1,393,403,404,-1,393,404,399,-1,405,406,407,-1,407,406,408,-1,407,408,409,-1,353,410,351,-1,351,410,411,-1,351,411,412,-1,412,411,413,-1,412,413,414,-1,415,416,406,-1,416,417,418,-1,418,417,419,-1,420,421,422,-1,422,421,423,-1,424,425,423,-1,423,425,415,-1,423,415,422,-1,422,415,406,-1,161,5,163,-1,163,5,4,-1,163,4,426,-1,427,428,422,-1,420,422,429,-1,429,422,428,-1,429,428,430,-1,417,431,419,-1,419,431,3,-1,419,3,80,-1,80,3,5,-1,80,5,84,-1,84,5,13,-1,416,418,406,-1,406,418,432,-1,406,432,433,-1,434,435,436,-1,436,435,437,-1,438,418,439,-1,439,418,440,-1,418,441,442,-1,443,444,445,-1,438,446,418,-1,418,446,447,-1,418,447,441,-1,448,449,432,-1,432,449,450,-1,432,450,451,-1,451,450,445,-1,451,445,452,-1,452,445,444,-1,442,453,418,-1,418,453,454,-1,418,454,432,-1,432,454,455,-1,432,455,448,-1,456,457,437,-1,437,457,458,-1,437,458,459,-1,460,461,408,-1,408,461,462,-1,463,464,445,-1,445,464,465,-1,445,465,466,-1,462,467,408,-1,408,467,468,-1,408,468,469,-1,433,470,406,-1,406,470,471,-1,406,471,408,-1,408,471,472,-1,408,472,460,-1,466,473,445,-1,445,473,474,-1,445,474,443,-1,475,476,477,-1,477,476,478,-1,477,478,479,-1,480,11,241,-1,481,482,8,-1,245,252,243,-1,243,252,8,-1,243,8,241,-1,241,8,482,-1,241,482,480,-1,483,484,485,-1,485,486,483,-1,483,486,487,-1,483,487,480,-1,480,487,488,-1,480,488,11,-1,11,488,489,-1,11,489,223,-1,490,491,7,-1,7,491,492,-1,7,492,8,-1,8,492,493,-1,494,495,8,-1,8,495,496,-1,8,496,481,-1,497,492,498,-1,498,492,499,-1,497,500,492,-1,492,500,501,-1,492,501,493,-1,502,503,499,-1,499,503,504,-1,499,504,505,-1,505,506,499,-1,499,506,507,-1,499,507,498,-1,493,508,8,-1,8,508,509,-1,8,509,510,-1,510,511,8,-1,8,511,512,-1,8,512,494,-1,513,514,515,-1,516,517,67,-1,67,517,518,-1,67,518,519,-1,519,520,67,-1,67,520,521,-1,67,521,515,-1,515,521,522,-1,515,522,513,-1,514,523,515,-1,515,523,524,-1,515,524,525,-1,526,527,528,-1,57,50,66,-1,66,50,529,-1,66,529,67,-1,67,529,530,-1,67,530,516,-1,525,531,515,-1,515,531,532,-1,515,532,528,-1,528,532,533,-1,528,533,526,-1,527,534,528,-1,528,534,535,-1,528,535,536,-1,536,537,529,-1,537,538,529,-1,529,538,539,-1,529,539,530,-1,0,540,541,-1,541,540,542,-1,541,542,543,-1,543,542,544,-1,543,544,545,-1,545,544,546,-1,545,546,547,-1,547,546,499,-1,547,499,548,-1,548,499,492,-1,548,492,549,-1,549,492,491,-1,549,491,550,-1,550,491,551,-1,550,551,552,-1,552,551,478,-1,552,478,553,-1,553,478,476,-1,553,476,554,-1,554,476,555,-1,554,555,62,-1,62,555,70,-1,62,70,60,-1,60,70,73,-1,475,440,476,-1,476,440,418,-1,476,418,555,-1,555,418,419,-1,555,419,70,-1,70,419,80,-1,70,80,68,-1,68,80,87,-1,68,87,95,-1,490,240,491,-1,491,240,238,-1,491,238,551,-1,551,238,236,-1,551,236,478,-1,478,236,436,-1,478,436,479,-1,479,436,437,-1,479,437,556,-1,556,437,459,-1,540,557,542,-1,542,557,173,-1,542,173,544,-1,544,173,186,-1,544,186,546,-1,546,186,203,-1,546,203,499,-1,499,203,223,-1,499,223,502,-1,502,223,489,-1,235,229,236,-1,236,229,232,-1,236,232,436,-1,436,232,408,-1,436,408,434,-1,434,408,469,-1,405,396,406,-1,406,396,390,-1,406,390,422,-1,422,390,558,-1,422,558,427,-1,10,220,11,-1,11,220,221,-1,11,221,241,-1,241,221,323,-1,241,323,248,-1,248,323,559,-1,248,559,232,-1,232,559,351,-1,232,351,408,-1,408,351,412,-1,408,412,409,-1,409,412,414,-1,560,561,558,-1,558,561,562,-1,563,564,565,-1,565,564,22,-1,565,22,562,-1,562,22,163,-1,562,163,558,-1,558,163,426,-1,558,426,427,-1,389,402,390,-1,390,402,393,-1,390,393,558,-1,558,393,564,-1,558,564,560,-1,560,564,563,-1,560,563,566,-1,320,567,323,-1,323,567,350,-1,323,350,559,-1,559,350,349,-1,559,349,351,-1,351,349,378,-1,351,378,352,-1,352,378,377,-1,177,174,175,-1,175,174,173,-1,175,173,568,-1,568,173,557,-1,568,557,569,-1,569,557,570,-1,569,570,169,-1,169,570,571,-1,169,571,167,-1,167,571,572,-1,167,572,302,-1,0,2,540,-1,540,2,573,-1,540,573,557,-1,557,573,574,-1,557,574,570,-1,570,574,575,-1,570,575,571,-1,571,575,576,-1,571,576,572,-1,536,529,528,-1,528,529,50,-1,528,50,577,-1,577,50,45,-1,577,45,578,-1,578,45,19,-1,578,19,579,-1,579,19,34,-1,579,34,580,-1,580,34,32,-1,580,32,581,-1,392,387,393,-1,393,387,386,-1,393,386,564,-1,564,386,582,-1,564,582,22,-1,22,582,28,-1,22,28,20,-1,20,28,27,-1,576,583,572,-1,572,583,584,-1,572,584,302,-1,302,584,585,-1,302,585,303,-1,303,585,586,-1,303,586,307,-1,307,586,587,-1,307,587,316,-1,316,587,588,-1,316,588,315,-1,315,588,589,-1,315,589,349,-1,349,589,590,-1,349,590,378,-1,378,590,591,-1,378,591,380,-1,380,591,384,-1,380,384,382,-1,382,384,383,-1,592,593,594,-1,594,593,595,-1,596,597,598,-1,598,597,599,-1,600,601,602,-1,602,601,603,-1,604,605,606,-1,606,605,607,-1,608,609,610,-1,610,609,611,-1,612,613,614,-1,614,613,615,-1,616,617,618,-1,618,617,619,-1,620,621,622,-1,622,621,623,-1,624,625,626,-1,626,625,627,-1,628,629,630,-1,630,629,631,-1,632,633,634,-1,634,633,635,-1,636,637,638,-1,638,637,639,-1,640,641,642,-1,642,641,643,-1,644,645,646,-1,646,645,647,-1,648,649,650,-1,650,649,651,-1,652,653,654,-1,654,653,655,-1,656,657,658,-1,658,657,659,-1,660,661,662,-1,662,661,663,-1,664,665,666,-1,666,665,667,-1,668,669,670,-1,670,669,671,-1,672,673,674,-1,675,676,677,-1,677,676,678,-1,677,678,679,-1,680,681,682,-1,675,677,674,-1,674,677,683,-1,674,683,672,-1,684,685,675,-1,675,685,686,-1,675,686,676,-1,684,687,685,-1,685,687,688,-1,685,688,689,-1,690,691,673,-1,673,691,692,-1,673,692,674,-1,679,678,681,-1,681,678,693,-1,681,693,682,-1,694,695,696,-1,696,695,697,-1,683,698,672,-1,672,698,697,-1,672,697,699,-1,699,697,695,-1,689,688,700,-1,700,688,701,-1,700,701,702,-1,690,703,691,-1,691,703,704,-1,691,704,705,-1,705,704,706,-1,705,706,707,-1,707,706,708,-1,682,709,680,-1,680,709,710,-1,680,710,711,-1,711,710,712,-1,694,696,713,-1,713,696,714,-1,713,714,715,-1,
        ]
    }
}
Shape{
    appearance Appearance {
        material  Material 	{
            diffuseColor 0.7529411764705882 0.7529411764705882 0.7529411764705882
            specularColor 0.7529411764705882 0.7529411764705882 0.7529411764705882
            ambientIntensity 0.7529
            transparency 0.0
            shininess 0.5
        }
    }
    geometry IndexedFaceSet {
        ccw TRUE
        solid FALSE
        coord DEF co Coordinate {
            point [
                -0.6398 0.6418 0.0, -0.6398 0.5298 0.0, -0.7382 0.6418 0.0, -0.7382 0.5298 0.0, -0.6398 0.6418 0.0591, -0.7382 0.6418 0.0591, -0.6398 0.5298 0.0591, -0.7382 0.5298 0.0591, -0.7382 0.5276 0.0593, -0.6398 0.5276 0.0593, -0.7382 0.5254 0.0601, -0.6398 0.5254 0.0601, -0.7382 0.5235 0.0614, -0.6398 0.5235 0.0614, -0.7382 0.5219 0.063, -0.6398 0.5219 0.063, -0.7382 0.5208 0.065, -0.6398 0.5208 0.065, -0.6398 0.4902 0.1357, -0.7382 0.4902 0.1357, -0.7382 0.4822 0.1495, -0.6398 0.4822 0.1495, -0.7382 0.4712 0.1611, -0.6398 0.4712 0.1611, -0.7382 0.4578 0.1699, -0.6398 0.4578 0.1699, -0.7382 0.4428 0.1753, -0.6398 0.4428 0.1753, -0.7382 0.427 0.1772, -0.6398 0.427 0.1772, -0.6398 0.3935 0.1772, -0.7382 0.3935 0.1772, -0.6398 0.427 0.1181, -0.6398 0.3935 0.1181, -0.7382 0.427 0.1181, -0.7382 0.3935 0.1181, -0.7382 0.4292 0.1178, -0.6398 0.4292 0.1178, -0.7382 0.4314 0.1171, -0.6398 0.4314 0.1171, -0.7382 0.4333 0.1158, -0.6398 0.4333 0.1158, -0.7382 0.4348 0.1142, -0.6398 0.4348 0.1142, -0.7382 0.436 0.1122, -0.6398 0.436 0.1122, -0.6398 0.4666 0.0415, -0.7382 0.4666 0.0415, -0.7382 0.4746 0.0277, -0.6398 0.4746 0.0277, -0.7382 0.4856 0.0161, -0.6398 0.4856 0.0161, -0.7382 0.499 0.0073, -0.6398 0.499 0.0073, -0.7382 0.514 0.0019, -0.6398 0.514 0.0019, -0.6398 0.3938 0.1201, -0.6398 0.3938 0.1752, -0.7382 0.3938 0.1752, -0.7382 0.3938 0.1201, -0.6398 -0.6417 0.0591, -0.6398 -0.5297 0.0591, -0.7382 -0.6417 0.0591, -0.7382 -0.5297 0.0591, -0.6398 -0.6417 0.0, -0.7382 -0.6417 0.0, -0.6398 -0.5297 0.0, -0.7382 -0.5297 0.0, -0.7382 -0.5139 0.0019, -0.6398 -0.5139 0.0019, -0.7382 -0.4989 0.0073, -0.6398 -0.4989 0.0073, -0.7382 -0.4855 0.0161, -0.6398 -0.4855 0.0161, -0.7382 -0.4745 0.0277, -0.6398 -0.4745 0.0277, -0.7382 -0.4665 0.0415, -0.6398 -0.4665 0.0415, -0.6398 -0.4359 0.1122, -0.7382 -0.4359 0.1122, -0.7382 -0.4347 0.1142, -0.6398 -0.4347 0.1142, -0.7382 -0.4332 0.1158, -0.6398 -0.4332 0.1158, -0.7382 -0.4313 0.1171, -0.6398 -0.4313 0.1171, -0.7382 -0.4291 0.1178, -0.6398 -0.4291 0.1178, -0.7382 -0.4269 0.1181, -0.6398 -0.4269 0.1181, -0.6398 -0.3934 0.1181, -0.7382 -0.3934 0.1181, -0.6398 -0.4269 0.1772, -0.6398 -0.3934 0.1772, -0.7382 -0.4269 0.1772, -0.7382 -0.3934 0.1772, -0.7382 -0.4427 0.1753, -0.6398 -0.4427 0.1753, -0.7382 -0.4577 0.1699, -0.6398 -0.4577 0.1699, -0.7382 -0.4711 0.1611, -0.6398 -0.4711 0.1611, -0.7382 -0.4821 0.1495, -0.6398 -0.4821 0.1495, -0.7382 -0.4901 0.1357, -0.6398 -0.4901 0.1357, -0.6398 -0.5207 0.065, -0.7382 -0.5207 0.065, -0.7382 -0.5218 0.063, -0.6398 -0.5218 0.063, -0.7382 -0.5234 0.0614, -0.6398 -0.5234 0.0614, -0.7382 -0.5253 0.0601, -0.6398 -0.5253 0.0601, -0.7382 -0.5275 0.0593, -0.6398 -0.5275 0.0593, -0.6398 -0.3937 0.1752, -0.6398 -0.3937 0.1201, -0.7382 -0.3937 0.1201, -0.7382 -0.3937 0.1752, -0.4429 0.6418 0.0, -0.4429 0.5298 0.0, -0.5413 0.6418 0.0, -0.5413 0.5298 0.0, -0.4429 0.6418 0.0591, -0.5413 0.6418 0.0591, -0.4429 0.5298 0.0591, -0.5413 0.5298 0.0591, -0.5413 0.5276 0.0593, -0.4429 0.5276 0.0593, -0.5413 0.5254 0.0601, -0.4429 0.5254 0.0601, -0.5413 0.5235 0.0614, -0.4429 0.5235 0.0614, -0.5413 0.5219 0.063, -0.4429 0.5219 0.063, -0.5413 0.5208 0.065, -0.4429 0.5208 0.065, -0.4429 0.4902 0.1357, -0.5413 0.4902 0.1357, -0.5413 0.4822 0.1495, -0.4429 0.4822 0.1495, -0.5413 0.4712 0.1611, -0.4429 0.4712 0.1611, -0.5413 0.4578 0.1699, -0.4429 0.4578 0.1699, -0.5413 0.4428 0.1753, -0.4429 0.4428 0.1753, -0.5413 0.427 0.1772, -0.4429 0.427 0.1772, -0.4429 0.3935 0.1772, -0.5413 0.3935 0.1772, -0.4429 0.427 0.1181, -0.4429 0.3935 0.1181, -0.5413 0.427 0.1181, -0.5413 0.3935 0.1181, -0.5413 0.4292 0.1178, -0.4429 0.4292 0.1178, -0.5413 0.4314 0.1171, -0.4429 0.4314 0.1171, -0.5413 0.4333 0.1158, -0.4429 0.4333 0.1158, -0.5413 0.4348 0.1142, -0.4429 0.4348 0.1142, -0.5413 0.436 0.1122, -0.4429 0.436 0.1122, -0.4429 0.4666 0.0415, -0.5413 0.4666 0.0415, -0.5413 0.4746 0.0277, -0.4429 0.4746 0.0277, -0.5413 0.4856 0.0161, -0.4429 0.4856 0.0161, -0.5413 0.499 0.0073, -0.4429 0.499 0.0073, -0.5413 0.514 0.0019, -0.4429 0.514 0.0019, -0.4429 0.3938 0.1201, -0.4429 0.3938 0.1752, -0.5413 0.3938 0.1752, -0.5413 0.3938 0.1201, -0.4429 -0.6417 0.0591, -0.4429 -0.5297 0.0591, -0.5413 -0.6417 0.0591, -0.5413 -0.5297 0.0591, -0.4429 -0.6417 0.0, -0.5413 -0.6417 0.0, -0.4429 -0.5297 0.0, -0.5413 -0.5297 0.0, -0.5413 -0.5139 0.0019, -0.4429 -0.5139 0.0019, -0.5413 -0.4989 0.0073, -0.4429 -0.4989 0.0073, -0.5413 -0.4855 0.0161, -0.4429 -0.4855 0.0161, -0.5413 -0.4745 0.0277, -0.4429 -0.4745 0.0277, -0.5413 -0.4665 0.0415, -0.4429 -0.4665 0.0415, -0.4429 -0.4359 0.1122, -0.5413 -0.4359 0.1122, -0.5413 -0.4347 0.1142, -0.4429 -0.4347 0.1142, -0.5413 -0.4332 0.1158, -0.4429 -0.4332 0.1158, -0.5413 -0.4313 0.1171, -0.4429 -0.4313 0.1171, -0.5413 -0.4291 0.1178, -0.4429 -0.4291 0.1178, -0.5413 -0.4269 0.1181, -0.4429 -0.4269 0.1181, -0.4429 -0.3934 0.1181, -0.5413 -0.3934 0.1181, -0.4429 -0.4269 0.1772, -0.4429 -0.3934 0.1772, -0.5413 -0.4269 0.1772, -0.5413 -0.3934 0.1772, -0.5413 -0.4427 0.1753, -0.4429 -0.4427 0.1753, -0.5413 -0.4577 0.1699, -0.4429 -0.4577 0.1699, -0.5413 -0.4711 0.1611, -0.4429 -0.4711 0.1611, -0.5413 -0.4821 0.1495, -0.4429 -0.4821 0.1495, -0.5413 -0.4901 0.1357, -0.4429 -0.4901 0.1357, -0.4429 -0.5207 0.065, -0.5413 -0.5207 0.065, -0.5413 -0.5218 0.063, -0.4429 -0.5218 0.063, -0.5413 -0.5234 0.0614, -0.4429 -0.5234 0.0614, -0.5413 -0.5253 0.0601, -0.4429 -0.5253 0.0601, -0.5413 -0.5275 0.0593, -0.4429 -0.5275 0.0593, -0.4429 -0.3937 0.1752, -0.4429 -0.3937 0.1201, -0.5413 -0.3937 0.1201, -0.5413 -0.3937 0.1752, -0.2461 0.6418 0.0, -0.2461 0.5298 0.0, -0.3445 0.6418 0.0, -0.3445 0.5298 0.0, -0.2461 0.6418 0.0591, -0.3445 0.6418 0.0591, -0.2461 0.5298 0.0591, -0.3445 0.5298 0.0591, -0.3445 0.5276 0.0593, -0.2461 0.5276 0.0593, -0.3445 0.5254 0.0601, -0.2461 0.5254 0.0601, -0.3445 0.5235 0.0614, -0.2461 0.5235 0.0614, -0.3445 0.5219 0.063, -0.2461 0.5219 0.063, -0.3445 0.5208 0.065, -0.2461 0.5208 0.065, -0.2461 0.4902 0.1357, -0.3445 0.4902 0.1357, -0.3445 0.4822 0.1495, -0.2461 0.4822 0.1495, -0.3445 0.4712 0.1611, -0.2461 0.4712 0.1611, -0.3445 0.4578 0.1699, -0.2461 0.4578 0.1699, -0.3445 0.4428 0.1753, -0.2461 0.4428 0.1753, -0.3445 0.427 0.1772, -0.2461 0.427 0.1772, -0.2461 0.3935 0.1772, -0.3445 0.3935 0.1772, -0.2461 0.427 0.1181, -0.2461 0.3935 0.1181, -0.3445 0.427 0.1181, -0.3445 0.3935 0.1181, -0.3445 0.4292 0.1178, -0.2461 0.4292 0.1178, -0.3445 0.4314 0.1171, -0.2461 0.4314 0.1171, -0.3445 0.4333 0.1158, -0.2461 0.4333 0.1158, -0.3445 0.4348 0.1142, -0.2461 0.4348 0.1142, -0.3445 0.436 0.1122, -0.2461 0.436 0.1122, -0.2461 0.4666 0.0415, -0.3445 0.4666 0.0415, -0.3445 0.4746 0.0277, -0.2461 0.4746 0.0277, -0.3445 0.4856 0.0161, -0.2461 0.4856 0.0161, -0.3445 0.499 0.0073, -0.2461 0.499 0.0073, -0.3445 0.514 0.0019, -0.2461 0.514 0.0019, -0.2461 0.3938 0.1201, -0.2461 0.3938 0.1752, -0.3445 0.3938 0.1752, -0.3445 0.3938 0.1201, -0.2461 -0.6417 0.0591, -0.2461 -0.5297 0.0591, -0.3445 -0.6417 0.0591, -0.3445 -0.5297 0.0591, -0.2461 -0.6417 0.0, -0.3445 -0.6417 0.0, -0.2461 -0.5297 0.0, -0.3445 -0.5297 0.0, -0.3445 -0.5139 0.0019, -0.2461 -0.5139 0.0019, -0.3445 -0.4989 0.0073, -0.2461 -0.4989 0.0073, -0.3445 -0.4855 0.0161, -0.2461 -0.4855 0.0161, -0.3445 -0.4745 0.0277, -0.2461 -0.4745 0.0277, -0.3445 -0.4665 0.0415, -0.2461 -0.4665 0.0415, -0.2461 -0.4359 0.1122, -0.3445 -0.4359 0.1122, -0.3445 -0.4347 0.1142, -0.2461 -0.4347 0.1142, -0.3445 -0.4332 0.1158, -0.2461 -0.4332 0.1158, -0.3445 -0.4313 0.1171, -0.2461 -0.4313 0.1171, -0.3445 -0.4291 0.1178, -0.2461 -0.4291 0.1178, -0.3445 -0.4269 0.1181, -0.2461 -0.4269 0.1181, -0.2461 -0.3934 0.1181, -0.3445 -0.3934 0.1181, -0.2461 -0.4269 0.1772, -0.2461 -0.3934 0.1772, -0.3445 -0.4269 0.1772, -0.3445 -0.3934 0.1772, -0.3445 -0.4427 0.1753, -0.2461 -0.4427 0.1753, -0.3445 -0.4577 0.1699, -0.2461 -0.4577 0.1699, -0.3445 -0.4711 0.1611, -0.2461 -0.4711 0.1611, -0.3445 -0.4821 0.1495, -0.2461 -0.4821 0.1495, -0.3445 -0.4901 0.1357, -0.2461 -0.4901 0.1357, -0.2461 -0.5207 0.065, -0.3445 -0.5207 0.065, -0.3445 -0.5218 0.063, -0.2461 -0.5218 0.063, -0.3445 -0.5234 0.0614, -0.2461 -0.5234 0.0614, -0.3445 -0.5253 0.0601, -0.2461 -0.5253 0.0601, -0.3445 -0.5275 0.0593, -0.2461 -0.5275 0.0593, -0.2461 -0.3937 0.1752, -0.2461 -0.3937 0.1201, -0.3445 -0.3937 0.1201, -0.3445 -0.3937 0.1752, -0.0492 0.6418 0.0, -0.0492 0.5298 0.0, -0.1476 0.6418 0.0, -0.1476 0.5298 0.0, -0.0492 0.6418 0.0591, -0.1476 0.6418 0.0591, -0.0492 0.5298 0.0591, -0.1476 0.5298 0.0591, -0.1476 0.5276 0.0593, -0.0492 0.5276 0.0593, -0.1476 0.5254 0.0601, -0.0492 0.5254 0.0601, -0.1476 0.5235 0.0614, -0.0492 0.5235 0.0614, -0.1476 0.5219 0.063, -0.0492 0.5219 0.063, -0.1476 0.5208 0.065, -0.0492 0.5208 0.065, -0.0492 0.4902 0.1357, -0.1476 0.4902 0.1357, -0.1476 0.4822 0.1495, -0.0492 0.4822 0.1495, -0.1476 0.4712 0.1611, -0.0492 0.4712 0.1611, -0.1476 0.4578 0.1699, -0.0492 0.4578 0.1699, -0.1476 0.4428 0.1753, -0.0492 0.4428 0.1753, -0.1476 0.427 0.1772, -0.0492 0.427 0.1772, -0.0492 0.3935 0.1772, -0.1476 0.3935 0.1772, -0.0492 0.427 0.1181, -0.0492 0.3935 0.1181, -0.1476 0.427 0.1181, -0.1476 0.3935 0.1181, -0.1476 0.4292 0.1178, -0.0492 0.4292 0.1178, -0.1476 0.4314 0.1171, -0.0492 0.4314 0.1171, -0.1476 0.4333 0.1158, -0.0492 0.4333 0.1158, -0.1476 0.4348 0.1142, -0.0492 0.4348 0.1142, -0.1476 0.436 0.1122, -0.0492 0.436 0.1122, -0.0492 0.4666 0.0415, -0.1476 0.4666 0.0415, -0.1476 0.4746 0.0277, -0.0492 0.4746 0.0277, -0.1476 0.4856 0.0161, -0.0492 0.4856 0.0161, -0.1476 0.499 0.0073, -0.0492 0.499 0.0073, -0.1476 0.514 0.0019, -0.0492 0.514 0.0019, -0.0492 0.3938 0.1201, -0.0492 0.3938 0.1752, -0.1476 0.3938 0.1752, -0.1476 0.3938 0.1201, -0.0492 -0.6417 0.0591, -0.0492 -0.5297 0.0591, -0.1476 -0.6417 0.0591, -0.1476 -0.5297 0.0591, -0.0492 -0.6417 0.0, -0.1476 -0.6417 0.0, -0.0492 -0.5297 0.0, -0.1476 -0.5297 0.0, -0.1476 -0.5139 0.0019, -0.0492 -0.5139 0.0019, -0.1476 -0.4989 0.0073, -0.0492 -0.4989 0.0073, -0.1476 -0.4855 0.0161, -0.0492 -0.4855 0.0161, -0.1476 -0.4745 0.0277, -0.0492 -0.4745 0.0277, -0.1476 -0.4665 0.0415, -0.0492 -0.4665 0.0415, -0.0492 -0.4359 0.1122, -0.1476 -0.4359 0.1122, -0.1476 -0.4347 0.1142, -0.0492 -0.4347 0.1142, -0.1476 -0.4332 0.1158, -0.0492 -0.4332 0.1158, -0.1476 -0.4313 0.1171, -0.0492 -0.4313 0.1171, -0.1476 -0.4291 0.1178, -0.0492 -0.4291 0.1178, -0.1476 -0.4269 0.1181, -0.0492 -0.4269 0.1181, -0.0492 -0.3934 0.1181, -0.1476 -0.3934 0.1181, -0.0492 -0.4269 0.1772, -0.0492 -0.3934 0.1772, -0.1476 -0.4269 0.1772, -0.1476 -0.3934 0.1772, -0.1476 -0.4427 0.1753, -0.0492 -0.4427 0.1753, -0.1476 -0.4577 0.1699, -0.0492 -0.4577 0.1699, -0.1476 -0.4711 0.1611, -0.0492 -0.4711 0.1611, -0.1476 -0.4821 0.1495, -0.0492 -0.4821 0.1495, -0.1476 -0.4901 0.1357, -0.0492 -0.4901 0.1357, -0.0492 -0.5207 0.065, -0.1476 -0.5207 0.065, -0.1476 -0.5218 0.063, -0.0492 -0.5218 0.063, -0.1476 -0.5234 0.0614, -0.0492 -0.5234 0.0614, -0.1476 -0.5253 0.0601, -0.0492 -0.5253 0.0601, -0.1476 -0.5275 0.0593, -0.0492 -0.5275 0.0593, -0.0492 -0.3937 0.1752, -0.0492 -0.3937 0.1201, -0.1476 -0.3937 0.1201, -0.1476 -0.3937 0.1752, 0.1476 0.6418 0.0, 0.1476 0.5298 0.0, 0.0492 0.6418 0.0, 0.0492 0.5298 0.0, 0.1476 0.6418 0.0591, 0.0492 0.6418 0.0591, 0.1476 0.5298 0.0591, 0.0492 0.5298 0.0591, 0.0492 0.5276 0.0593, 0.1476 0.5276 0.0593, 0.0492 0.5254 0.0601, 0.1476 0.5254 0.0601, 0.0492 0.5235 0.0614, 0.1476 0.5235 0.0614, 0.0492 0.5219 0.063, 0.1476 0.5219 0.063, 0.0492 0.5208 0.065, 0.1476 0.5208 0.065, 0.1476 0.4902 0.1357, 0.0492 0.4902 0.1357, 0.0492 0.4822 0.1495, 0.1476 0.4822 0.1495, 0.0492 0.4712 0.1611, 0.1476 0.4712 0.1611, 0.0492 0.4578 0.1699, 0.1476 0.4578 0.1699, 0.0492 0.4428 0.1753, 0.1476 0.4428 0.1753, 0.0492 0.427 0.1772, 0.1476 0.427 0.1772, 0.1476 0.3935 0.1772, 0.0492 0.3935 0.1772, 0.1476 0.427 0.1181, 0.1476 0.3935 0.1181, 0.0492 0.427 0.1181, 0.0492 0.3935 0.1181, 0.0492 0.4292 0.1178, 0.1476 0.4292 0.1178, 0.0492 0.4314 0.1171, 0.1476 0.4314 0.1171, 0.0492 0.4333 0.1158, 0.1476 0.4333 0.1158, 0.0492 0.4348 0.1142, 0.1476 0.4348 0.1142, 0.0492 0.436 0.1122, 0.1476 0.436 0.1122, 0.1476 0.4666 0.0415, 0.0492 0.4666 0.0415, 0.0492 0.4746 0.0277, 0.1476 0.4746 0.0277, 0.0492 0.4856 0.0161, 0.1476 0.4856 0.0161, 0.0492 0.499 0.0073, 0.1476 0.499 0.0073, 0.0492 0.514 0.0019, 0.1476 0.514 0.0019, 0.1476 0.3938 0.1201, 0.1476 0.3938 0.1752, 0.0492 0.3938 0.1752, 0.0492 0.3938 0.1201, 0.1476 -0.6417 0.0591, 0.1476 -0.5297 0.0591, 0.0492 -0.6417 0.0591, 0.0492 -0.5297 0.0591, 0.1476 -0.6417 0.0, 0.0492 -0.6417 0.0, 0.1476 -0.5297 0.0, 0.0492 -0.5297 0.0, 0.0492 -0.5139 0.0019, 0.1476 -0.5139 0.0019, 0.0492 -0.4989 0.0073, 0.1476 -0.4989 0.0073, 0.0492 -0.4855 0.0161, 0.1476 -0.4855 0.0161, 0.0492 -0.4745 0.0277, 0.1476 -0.4745 0.0277, 0.0492 -0.4665 0.0415, 0.1476 -0.4665 0.0415, 0.1476 -0.4359 0.1122, 0.0492 -0.4359 0.1122, 0.0492 -0.4347 0.1142, 0.1476 -0.4347 0.1142, 0.0492 -0.4332 0.1158, 0.1476 -0.4332 0.1158, 0.0492 -0.4313 0.1171, 0.1476 -0.4313 0.1171, 0.0492 -0.4291 0.1178, 0.1476 -0.4291 0.1178, 0.0492 -0.4269 0.1181, 0.1476 -0.4269 0.1181, 0.1476 -0.3934 0.1181, 0.0492 -0.3934 0.1181, 0.1476 -0.4269 0.1772, 0.1476 -0.3934 0.1772, 0.0492 -0.4269 0.1772, 0.0492 -0.3934 0.1772, 0.0492 -0.4427 0.1753, 0.1476 -0.4427 0.1753, 0.0492 -0.4577 0.1699, 0.1476 -0.4577 0.1699, 0.0492 -0.4711 0.1611, 0.1476 -0.4711 0.1611, 0.0492 -0.4821 0.1495, 0.1476 -0.4821 0.1495, 0.0492 -0.4901 0.1357, 0.1476 -0.4901 0.1357, 0.1476 -0.5207 0.065, 0.0492 -0.5207 0.065, 0.0492 -0.5218 0.063, 0.1476 -0.5218 0.063, 0.0492 -0.5234 0.0614, 0.1476 -0.5234 0.0614, 0.0492 -0.5253 0.0601, 0.1476 -0.5253 0.0601, 0.0492 -0.5275 0.0593, 0.1476 -0.5275 0.0593, 0.1476 -0.3937 0.1752, 0.1476 -0.3937 0.1201, 0.0492 -0.3937 0.1201, 0.0492 -0.3937 0.1752, 0.3445 0.6418 0.0, 0.3445 0.5298 0.0, 0.2461 0.6418 0.0, 0.2461 0.5298 0.0, 0.3445 0.6418 0.0591, 0.2461 0.6418 0.0591, 0.3445 0.5298 0.0591, 0.2461 0.5298 0.0591, 0.2461 0.5276 0.0593, 0.3445 0.5276 0.0593, 0.2461 0.5254 0.0601, 0.3445 0.5254 0.0601, 0.2461 0.5235 0.0614, 0.3445 0.5235 0.0614, 0.2461 0.5219 0.063, 0.3445 0.5219 0.063, 0.2461 0.5208 0.065, 0.3445 0.5208 0.065, 0.3445 0.4902 0.1357, 0.2461 0.4902 0.1357, 0.2461 0.4822 0.1495, 0.3445 0.4822 0.1495, 0.2461 0.4712 0.1611, 0.3445 0.4712 0.1611, 0.2461 0.4578 0.1699, 0.3445 0.4578 0.1699, 0.2461 0.4428 0.1753, 0.3445 0.4428 0.1753, 0.2461 0.427 0.1772, 0.3445 0.427 0.1772, 0.3445 0.3935 0.1772, 0.2461 0.3935 0.1772, 0.3445 0.427 0.1181, 0.3445 0.3935 0.1181, 0.2461 0.427 0.1181, 0.2461 0.3935 0.1181, 0.2461 0.4292 0.1178, 0.3445 0.4292 0.1178, 0.2461 0.4314 0.1171, 0.3445 0.4314 0.1171, 0.2461 0.4333 0.1158, 0.3445 0.4333 0.1158, 0.2461 0.4348 0.1142, 0.3445 0.4348 0.1142, 0.2461 0.436 0.1122, 0.3445 0.436 0.1122, 0.3445 0.4666 0.0415, 0.2461 0.4666 0.0415, 0.2461 0.4746 0.0277, 0.3445 0.4746 0.0277, 0.2461 0.4856 0.0161, 0.3445 0.4856 0.0161, 0.2461 0.499 0.0073, 0.3445 0.499 0.0073, 0.2461 0.514 0.0019, 0.3445 0.514 0.0019, 0.3445 0.3938 0.1201, 0.3445 0.3938 0.1752, 0.2461 0.3938 0.1752, 0.2461 0.3938 0.1201, 0.3445 -0.6417 0.0591, 0.3445 -0.5297 0.0591, 0.2461 -0.6417 0.0591, 0.2461 -0.5297 0.0591, 0.3445 -0.6417 0.0, 0.2461 -0.6417 0.0, 0.3445 -0.5297 0.0, 0.2461 -0.5297 0.0, 0.2461 -0.5139 0.0019, 0.3445 -0.5139 0.0019, 0.2461 -0.4989 0.0073, 0.3445 -0.4989 0.0073, 0.2461 -0.4855 0.0161, 0.3445 -0.4855 0.0161, 0.2461 -0.4745 0.0277, 0.3445 -0.4745 0.0277, 0.2461 -0.4665 0.0415, 0.3445 -0.4665 0.0415, 0.3445 -0.4359 0.1122, 0.2461 -0.4359 0.1122, 0.2461 -0.4347 0.1142, 0.3445 -0.4347 0.1142, 0.2461 -0.4332 0.1158, 0.3445 -0.4332 0.1158, 0.2461 -0.4313 0.1171, 0.3445 -0.4313 0.1171, 0.2461 -0.4291 0.1178, 0.3445 -0.4291 0.1178, 0.2461 -0.4269 0.1181, 0.3445 -0.4269 0.1181, 0.3445 -0.3934 0.1181, 0.2461 -0.3934 0.1181, 0.3445 -0.4269 0.1772, 0.3445 -0.3934 0.1772, 0.2461 -0.4269 0.1772, 0.2461 -0.3934 0.1772, 0.2461 -0.4427 0.1753, 0.3445 -0.4427 0.1753, 0.2461 -0.4577 0.1699, 0.3445 -0.4577 0.1699, 0.2461 -0.4711 0.1611, 0.3445 -0.4711 0.1611, 0.2461 -0.4821 0.1495, 0.3445 -0.4821 0.1495, 0.2461 -0.4901 0.1357, 0.3445 -0.4901 0.1357, 0.3445 -0.5207 0.065, 0.2461 -0.5207 0.065, 0.2461 -0.5218 0.063, 0.3445 -0.5218 0.063, 0.2461 -0.5234 0.0614, 0.3445 -0.5234 0.0614, 0.2461 -0.5253 0.0601, 0.3445 -0.5253 0.0601, 0.2461 -0.5275 0.0593, 0.3445 -0.5275 0.0593, 0.3445 -0.3937 0.1752, 0.3445 -0.3937 0.1201, 0.2461 -0.3937 0.1201, 0.2461 -0.3937 0.1752, 0.5413 0.6418 0.0, 0.5413 0.5298 0.0, 0.4429 0.6418 0.0, 0.4429 0.5298 0.0, 0.5413 0.6418 0.0591, 0.4429 0.6418 0.0591, 0.5413 0.5298 0.0591, 0.4429 0.5298 0.0591, 0.4429 0.5276 0.0593, 0.5413 0.5276 0.0593, 0.4429 0.5254 0.0601, 0.5413 0.5254 0.0601, 0.4429 0.5235 0.0614, 0.5413 0.5235 0.0614, 0.4429 0.5219 0.063, 0.5413 0.5219 0.063, 0.4429 0.5208 0.065, 0.5413 0.5208 0.065, 0.5413 0.4902 0.1357, 0.4429 0.4902 0.1357, 0.4429 0.4822 0.1495, 0.5413 0.4822 0.1495, 0.4429 0.4712 0.1611, 0.5413 0.4712 0.1611, 0.4429 0.4578 0.1699, 0.5413 0.4578 0.1699, 0.4429 0.4428 0.1753, 0.5413 0.4428 0.1753, 0.4429 0.427 0.1772, 0.5413 0.427 0.1772, 0.5413 0.3935 0.1772, 0.4429 0.3935 0.1772, 0.5413 0.427 0.1181, 0.5413 0.3935 0.1181, 0.4429 0.427 0.1181, 0.4429 0.3935 0.1181, 0.4429 0.4292 0.1178, 0.5413 0.4292 0.1178, 0.4429 0.4314 0.1171, 0.5413 0.4314 0.1171, 0.4429 0.4333 0.1158, 0.5413 0.4333 0.1158, 0.4429 0.4348 0.1142, 0.5413 0.4348 0.1142, 0.4429 0.436 0.1122, 0.5413 0.436 0.1122, 0.5413 0.4666 0.0415, 0.4429 0.4666 0.0415, 0.4429 0.4746 0.0277, 0.5413 0.4746 0.0277, 0.4429 0.4856 0.0161, 0.5413 0.4856 0.0161, 0.4429 0.499 0.0073, 0.5413 0.499 0.0073, 0.4429 0.514 0.0019, 0.5413 0.514 0.0019, 0.5413 0.3938 0.1201, 0.5413 0.3938 0.1752, 0.4429 0.3938 0.1752, 0.4429 0.3938 0.1201, 0.5413 -0.6417 0.0591, 0.5413 -0.5297 0.0591, 0.4429 -0.6417 0.0591, 0.4429 -0.5297 0.0591, 0.5413 -0.6417 0.0, 0.4429 -0.6417 0.0, 0.5413 -0.5297 0.0, 0.4429 -0.5297 0.0, 0.4429 -0.5139 0.0019, 0.5413 -0.5139 0.0019, 0.4429 -0.4989 0.0073, 0.5413 -0.4989 0.0073, 0.4429 -0.4855 0.0161, 0.5413 -0.4855 0.0161, 0.4429 -0.4745 0.0277, 0.5413 -0.4745 0.0277, 0.4429 -0.4665 0.0415, 0.5413 -0.4665 0.0415, 0.5413 -0.4359 0.1122, 0.4429 -0.4359 0.1122, 0.4429 -0.4347 0.1142, 0.5413 -0.4347 0.1142, 0.4429 -0.4332 0.1158, 0.5413 -0.4332 0.1158, 0.4429 -0.4313 0.1171, 0.5413 -0.4313 0.1171, 0.4429 -0.4291 0.1178, 0.5413 -0.4291 0.1178, 0.4429 -0.4269 0.1181, 0.5413 -0.4269 0.1181, 0.5413 -0.3934 0.1181, 0.4429 -0.3934 0.1181, 0.5413 -0.4269 0.1772, 0.5413 -0.3934 0.1772, 0.4429 -0.4269 0.1772, 0.4429 -0.3934 0.1772, 0.4429 -0.4427 0.1753, 0.5413 -0.4427 0.1753, 0.4429 -0.4577 0.1699, 0.5413 -0.4577 0.1699, 0.4429 -0.4711 0.1611, 0.5413 -0.4711 0.1611, 0.4429 -0.4821 0.1495, 0.5413 -0.4821 0.1495, 0.4429 -0.4901 0.1357, 0.5413 -0.4901 0.1357, 0.5413 -0.5207 0.065, 0.4429 -0.5207 0.065, 0.4429 -0.5218 0.063, 0.5413 -0.5218 0.063, 0.4429 -0.5234 0.0614, 0.5413 -0.5234 0.0614, 0.4429 -0.5253 0.0601, 0.5413 -0.5253 0.0601, 0.4429 -0.5275 0.0593, 0.5413 -0.5275 0.0593, 0.5413 -0.3937 0.1752, 0.5413 -0.3937 0.1201, 0.4429 -0.3937 0.1201, 0.4429 -0.3937 0.1752, 0.7382 0.6418 0.0, 0.7382 0.5298 0.0, 0.6398 0.6418 0.0, 0.6398 0.5298 0.0, 0.7382 0.6418 0.0591, 0.6398 0.6418 0.0591, 0.7382 0.5298 0.0591, 0.6398 0.5298 0.0591, 0.6398 0.5276 0.0593, 0.7382 0.5276 0.0593, 0.6398 0.5254 0.0601, 0.7382 0.5254 0.0601, 0.6398 0.5235 0.0614, 0.7382 0.5235 0.0614, 0.6398 0.5219 0.063, 0.7382 0.5219 0.063, 0.6398 0.5208 0.065, 0.7382 0.5208 0.065, 0.7382 0.4902 0.1357, 0.6398 0.4902 0.1357, 0.6398 0.4822 0.1495, 0.7382 0.4822 0.1495, 0.6398 0.4712 0.1611, 0.7382 0.4712 0.1611, 0.6398 0.4578 0.1699, 0.7382 0.4578 0.1699, 0.6398 0.4428 0.1753, 0.7382 0.4428 0.1753, 0.6398 0.427 0.1772, 0.7382 0.427 0.1772, 0.7382 0.3935 0.1772, 0.6398 0.3935 0.1772, 0.7382 0.427 0.1181, 0.7382 0.3935 0.1181, 0.6398 0.427 0.1181, 0.6398 0.3935 0.1181, 0.6398 0.4292 0.1178, 0.7382 0.4292 0.1178, 0.6398 0.4314 0.1171, 0.7382 0.4314 0.1171, 0.6398 0.4333 0.1158, 0.7382 0.4333 0.1158, 0.6398 0.4348 0.1142, 0.7382 0.4348 0.1142, 0.6398 0.436 0.1122, 0.7382 0.436 0.1122, 0.7382 0.4666 0.0415, 0.6398 0.4666 0.0415, 0.6398 0.4746 0.0277, 0.7382 0.4746 0.0277, 0.6398 0.4856 0.0161, 0.7382 0.4856 0.0161, 0.6398 0.499 0.0073, 0.7382 0.499 0.0073, 0.6398 0.514 0.0019, 0.7382 0.514 0.0019, 0.7382 0.3938 0.1201, 0.7382 0.3938 0.1752, 0.6398 0.3938 0.1752, 0.6398 0.3938 0.1201, 0.7382 -0.6417 0.0591, 0.7382 -0.5297 0.0591, 0.6398 -0.6417 0.0591, 0.6398 -0.5297 0.0591, 0.7382 -0.6417 0.0, 0.6398 -0.6417 0.0, 0.7382 -0.5297 0.0, 0.6398 -0.5297 0.0, 0.6398 -0.5139 0.0019, 0.7382 -0.5139 0.0019, 0.6398 -0.4989 0.0073, 0.7382 -0.4989 0.0073, 0.6398 -0.4855 0.0161, 0.7382 -0.4855 0.0161, 0.6398 -0.4745 0.0277, 0.7382 -0.4745 0.0277, 0.6398 -0.4665 0.0415, 0.7382 -0.4665 0.0415, 0.7382 -0.4359 0.1122, 0.6398 -0.4359 0.1122, 0.6398 -0.4347 0.1142, 0.7382 -0.4347 0.1142, 0.6398 -0.4332 0.1158, 0.7382 -0.4332 0.1158, 0.6398 -0.4313 0.1171, 0.7382 -0.4313 0.1171, 0.6398 -0.4291 0.1178, 0.7382 -0.4291 0.1178, 0.6398 -0.4269 0.1181, 0.7382 -0.4269 0.1181, 0.7382 -0.3934 0.1181, 0.6398 -0.3934 0.1181, 0.7382 -0.4269 0.1772, 0.7382 -0.3934 0.1772, 0.6398 -0.4269 0.1772, 0.6398 -0.3934 0.1772, 0.6398 -0.4427 0.1753, 0.7382 -0.4427 0.1753, 0.6398 -0.4577 0.1699, 0.7382 -0.4577 0.1699, 0.6398 -0.4711 0.1611, 0.7382 -0.4711 0.1611, 0.6398 -0.4821 0.1495, 0.7382 -0.4821 0.1495, 0.6398 -0.4901 0.1357, 0.7382 -0.4901 0.1357, 0.7382 -0.5207 0.065, 0.6398 -0.5207 0.065, 0.6398 -0.5218 0.063, 0.7382 -0.5218 0.063, 0.6398 -0.5234 0.0614, 0.7382 -0.5234 0.0614, 0.6398 -0.5253 0.0601, 0.7382 -0.5253 0.0601, 0.6398 -0.5275 0.0593, 0.7382 -0.5275 0.0593, 0.7382 -0.3937 0.1752, 0.7382 -0.3937 0.1201, 0.6398 -0.3937 0.1201, 0.6398 -0.3937 0.1752
            ]
        }
        coordIndex [
            0,1,2,-1,2,1,3,-1,4,0,5,-1,5,0,2,-1,6,4,7,-1,7,4,5,-1,6,7,8,-1,6,8,9,-1,9,8,10,-1,9,10,11,-1,11,10,12,-1,11,12,13,-1,13,12,14,-1,13,14,15,-1,15,14,16,-1,15,16,17,-1,18,17,19,-1,19,17,16,-1,18,19,20,-1,18,20,21,-1,21,20,22,-1,21,22,23,-1,23,22,24,-1,23,24,25,-1,25,24,26,-1,25,26,27,-1,27,26,28,-1,27,28,29,-1,30,29,31,-1,31,29,28,-1,32,33,34,-1,34,33,35,-1,32,34,36,-1,32,36,37,-1,37,36,38,-1,37,38,39,-1,39,38,40,-1,39,40,41,-1,41,40,42,-1,41,42,43,-1,43,42,44,-1,43,44,45,-1,46,45,47,-1,47,45,44,-1,46,47,48,-1,46,48,49,-1,49,48,50,-1,49,50,51,-1,51,50,52,-1,51,52,53,-1,53,52,54,-1,53,54,55,-1,55,54,3,-1,55,3,1,-1,56,33,32,-1,56,32,57,-1,30,57,29,-1,29,57,32,-1,29,32,27,-1,27,32,37,-1,27,37,25,-1,25,37,39,-1,25,39,23,-1,23,39,41,-1,23,41,21,-1,21,41,43,-1,21,43,18,-1,18,43,45,-1,18,45,17,-1,17,45,46,-1,17,46,15,-1,15,46,49,-1,15,49,13,-1,13,49,51,-1,13,51,11,-1,11,51,53,-1,11,53,9,-1,9,53,55,-1,9,55,6,-1,6,55,1,-1,6,1,4,-1,4,1,0,-1,58,31,28,-1,58,28,59,-1,5,2,7,-1,7,2,3,-1,7,3,8,-1,8,3,54,-1,8,54,10,-1,10,54,52,-1,10,52,12,-1,12,52,50,-1,12,50,14,-1,14,50,48,-1,14,48,16,-1,16,48,47,-1,16,47,19,-1,19,47,44,-1,19,44,20,-1,20,44,42,-1,20,42,22,-1,22,42,40,-1,22,40,24,-1,24,40,38,-1,24,38,26,-1,26,38,36,-1,26,36,28,-1,28,36,34,-1,28,34,59,-1,59,34,35,-1,60,61,62,-1,62,61,63,-1,64,60,65,-1,65,60,62,-1,66,64,67,-1,67,64,65,-1,66,67,68,-1,66,68,69,-1,69,68,70,-1,69,70,71,-1,71,70,72,-1,71,72,73,-1,73,72,74,-1,73,74,75,-1,75,74,76,-1,75,76,77,-1,78,77,79,-1,79,77,76,-1,78,79,80,-1,78,80,81,-1,81,80,82,-1,81,82,83,-1,83,82,84,-1,83,84,85,-1,85,84,86,-1,85,86,87,-1,87,86,88,-1,87,88,89,-1,90,89,91,-1,91,89,88,-1,92,93,94,-1,94,93,95,-1,92,94,96,-1,92,96,97,-1,97,96,98,-1,97,98,99,-1,99,98,100,-1,99,100,101,-1,101,100,102,-1,101,102,103,-1,103,102,104,-1,103,104,105,-1,106,105,107,-1,107,105,104,-1,106,107,108,-1,106,108,109,-1,109,108,110,-1,109,110,111,-1,111,110,112,-1,111,112,113,-1,113,112,114,-1,113,114,115,-1,115,114,63,-1,115,63,61,-1,116,93,92,-1,116,92,117,-1,60,64,61,-1,61,64,66,-1,61,66,115,-1,115,66,69,-1,115,69,113,-1,113,69,71,-1,113,71,111,-1,111,71,73,-1,111,73,109,-1,109,73,75,-1,109,75,106,-1,106,75,77,-1,106,77,105,-1,105,77,78,-1,105,78,103,-1,103,78,81,-1,103,81,101,-1,101,81,83,-1,101,83,99,-1,99,83,85,-1,99,85,97,-1,97,85,87,-1,97,87,92,-1,92,87,89,-1,92,89,117,-1,117,89,90,-1,118,91,88,-1,118,88,119,-1,95,119,94,-1,94,119,88,-1,94,88,96,-1,96,88,86,-1,96,86,98,-1,98,86,84,-1,98,84,100,-1,100,84,82,-1,100,82,102,-1,102,82,80,-1,102,80,104,-1,104,80,79,-1,104,79,107,-1,107,79,76,-1,107,76,108,-1,108,76,74,-1,108,74,110,-1,110,74,72,-1,110,72,112,-1,112,72,70,-1,112,70,114,-1,114,70,68,-1,114,68,63,-1,63,68,67,-1,63,67,62,-1,62,67,65,-1,120,121,122,-1,122,121,123,-1,124,120,125,-1,125,120,122,-1,126,124,127,-1,127,124,125,-1,126,127,128,-1,126,128,129,-1,129,128,130,-1,129,130,131,-1,131,130,132,-1,131,132,133,-1,133,132,134,-1,133,134,135,-1,135,134,136,-1,135,136,137,-1,138,137,139,-1,139,137,136,-1,138,139,140,-1,138,140,141,-1,141,140,142,-1,141,142,143,-1,143,142,144,-1,143,144,145,-1,145,144,146,-1,145,146,147,-1,147,146,148,-1,147,148,149,-1,150,149,151,-1,151,149,148,-1,152,153,154,-1,154,153,155,-1,152,154,156,-1,152,156,157,-1,157,156,158,-1,157,158,159,-1,159,158,160,-1,159,160,161,-1,161,160,162,-1,161,162,163,-1,163,162,164,-1,163,164,165,-1,166,165,167,-1,167,165,164,-1,166,167,168,-1,166,168,169,-1,169,168,170,-1,169,170,171,-1,171,170,172,-1,171,172,173,-1,173,172,174,-1,173,174,175,-1,175,174,123,-1,175,123,121,-1,176,153,152,-1,176,152,177,-1,150,177,149,-1,149,177,152,-1,149,152,147,-1,147,152,157,-1,147,157,145,-1,145,157,159,-1,145,159,143,-1,143,159,161,-1,143,161,141,-1,141,161,163,-1,141,163,138,-1,138,163,165,-1,138,165,137,-1,137,165,166,-1,137,166,135,-1,135,166,169,-1,135,169,133,-1,133,169,171,-1,133,171,131,-1,131,171,173,-1,131,173,129,-1,129,173,175,-1,129,175,126,-1,126,175,121,-1,126,121,124,-1,124,121,120,-1,178,151,148,-1,178,148,179,-1,125,122,127,-1,127,122,123,-1,127,123,128,-1,128,123,174,-1,128,174,130,-1,130,174,172,-1,130,172,132,-1,132,172,170,-1,132,170,134,-1,134,170,168,-1,134,168,136,-1,136,168,167,-1,136,167,139,-1,139,167,164,-1,139,164,140,-1,140,164,162,-1,140,162,142,-1,142,162,160,-1,142,160,144,-1,144,160,158,-1,144,158,146,-1,146,158,156,-1,146,156,148,-1,148,156,154,-1,148,154,179,-1,179,154,155,-1,180,181,182,-1,182,181,183,-1,184,180,185,-1,185,180,182,-1,186,184,187,-1,187,184,185,-1,186,187,188,-1,186,188,189,-1,189,188,190,-1,189,190,191,-1,191,190,192,-1,191,192,193,-1,193,192,194,-1,193,194,195,-1,195,194,196,-1,195,196,197,-1,198,197,199,-1,199,197,196,-1,198,199,200,-1,198,200,201,-1,201,200,202,-1,201,202,203,-1,203,202,204,-1,203,204,205,-1,205,204,206,-1,205,206,207,-1,207,206,208,-1,207,208,209,-1,210,209,211,-1,211,209,208,-1,212,213,214,-1,214,213,215,-1,212,214,216,-1,212,216,217,-1,217,216,218,-1,217,218,219,-1,219,218,220,-1,219,220,221,-1,221,220,222,-1,221,222,223,-1,223,222,224,-1,223,224,225,-1,226,225,227,-1,227,225,224,-1,226,227,228,-1,226,228,229,-1,229,228,230,-1,229,230,231,-1,231,230,232,-1,231,232,233,-1,233,232,234,-1,233,234,235,-1,235,234,183,-1,235,183,181,-1,236,213,212,-1,236,212,237,-1,180,184,181,-1,181,184,186,-1,181,186,235,-1,235,186,189,-1,235,189,233,-1,233,189,191,-1,233,191,231,-1,231,191,193,-1,231,193,229,-1,229,193,195,-1,229,195,226,-1,226,195,197,-1,226,197,225,-1,225,197,198,-1,225,198,223,-1,223,198,201,-1,223,201,221,-1,221,201,203,-1,221,203,219,-1,219,203,205,-1,219,205,217,-1,217,205,207,-1,217,207,212,-1,212,207,209,-1,212,209,237,-1,237,209,210,-1,238,211,208,-1,238,208,239,-1,215,239,214,-1,214,239,208,-1,214,208,216,-1,216,208,206,-1,216,206,218,-1,218,206,204,-1,218,204,220,-1,220,204,202,-1,220,202,222,-1,222,202,200,-1,222,200,224,-1,224,200,199,-1,224,199,227,-1,227,199,196,-1,227,196,228,-1,228,196,194,-1,228,194,230,-1,230,194,192,-1,230,192,232,-1,232,192,190,-1,232,190,234,-1,234,190,188,-1,234,188,183,-1,183,188,187,-1,183,187,182,-1,182,187,185,-1,240,241,242,-1,242,241,243,-1,244,240,245,-1,245,240,242,-1,246,244,247,-1,247,244,245,-1,246,247,248,-1,246,248,249,-1,249,248,250,-1,249,250,251,-1,251,250,252,-1,251,252,253,-1,253,252,254,-1,253,254,255,-1,255,254,256,-1,255,256,257,-1,258,257,259,-1,259,257,256,-1,258,259,260,-1,258,260,261,-1,261,260,262,-1,261,262,263,-1,263,262,264,-1,263,264,265,-1,265,264,266,-1,265,266,267,-1,267,266,268,-1,267,268,269,-1,270,269,271,-1,271,269,268,-1,272,273,274,-1,274,273,275,-1,272,274,276,-1,272,276,277,-1,277,276,278,-1,277,278,279,-1,279,278,280,-1,279,280,281,-1,281,280,282,-1,281,282,283,-1,283,282,284,-1,283,284,285,-1,286,285,287,-1,287,285,284,-1,286,287,288,-1,286,288,289,-1,289,288,290,-1,289,290,291,-1,291,290,292,-1,291,292,293,-1,293,292,294,-1,293,294,295,-1,295,294,243,-1,295,243,241,-1,296,273,272,-1,296,272,297,-1,270,297,269,-1,269,297,272,-1,269,272,267,-1,267,272,277,-1,267,277,265,-1,265,277,279,-1,265,279,263,-1,263,279,281,-1,263,281,261,-1,261,281,283,-1,261,283,258,-1,258,283,285,-1,258,285,257,-1,257,285,286,-1,257,286,255,-1,255,286,289,-1,255,289,253,-1,253,289,291,-1,253,291,251,-1,251,291,293,-1,251,293,249,-1,249,293,295,-1,249,295,246,-1,246,295,241,-1,246,241,244,-1,244,241,240,-1,298,271,268,-1,298,268,299,-1,245,242,247,-1,247,242,243,-1,247,243,248,-1,248,243,294,-1,248,294,250,-1,250,294,292,-1,250,292,252,-1,252,292,290,-1,252,290,254,-1,254,290,288,-1,254,288,256,-1,256,288,287,-1,256,287,259,-1,259,287,284,-1,259,284,260,-1,260,284,282,-1,260,282,262,-1,262,282,280,-1,262,280,264,-1,264,280,278,-1,264,278,266,-1,266,278,276,-1,266,276,268,-1,268,276,274,-1,268,274,299,-1,299,274,275,-1,300,301,302,-1,302,301,303,-1,304,300,305,-1,305,300,302,-1,306,304,307,-1,307,304,305,-1,306,307,308,-1,306,308,309,-1,309,308,310,-1,309,310,311,-1,311,310,312,-1,311,312,313,-1,313,312,314,-1,313,314,315,-1,315,314,316,-1,315,316,317,-1,318,317,319,-1,319,317,316,-1,318,319,320,-1,318,320,321,-1,321,320,322,-1,321,322,323,-1,323,322,324,-1,323,324,325,-1,325,324,326,-1,325,326,327,-1,327,326,328,-1,327,328,329,-1,330,329,331,-1,331,329,328,-1,332,333,334,-1,334,333,335,-1,332,334,336,-1,332,336,337,-1,337,336,338,-1,337,338,339,-1,339,338,340,-1,339,340,341,-1,341,340,342,-1,341,342,343,-1,343,342,344,-1,343,344,345,-1,346,345,347,-1,347,345,344,-1,346,347,348,-1,346,348,349,-1,349,348,350,-1,349,350,351,-1,351,350,352,-1,351,352,353,-1,353,352,354,-1,353,354,355,-1,355,354,303,-1,355,303,301,-1,356,333,332,-1,356,332,357,-1,300,304,301,-1,301,304,306,-1,301,306,355,-1,355,306,309,-1,355,309,353,-1,353,309,311,-1,353,311,351,-1,351,311,313,-1,351,313,349,-1,349,313,315,-1,349,315,346,-1,346,315,317,-1,346,317,345,-1,345,317,318,-1,345,318,343,-1,343,318,321,-1,343,321,341,-1,341,321,323,-1,341,323,339,-1,339,323,325,-1,339,325,337,-1,337,325,327,-1,337,327,332,-1,332,327,329,-1,332,329,357,-1,357,329,330,-1,358,331,328,-1,358,328,359,-1,335,359,334,-1,334,359,328,-1,334,328,336,-1,336,328,326,-1,336,326,338,-1,338,326,324,-1,338,324,340,-1,340,324,322,-1,340,322,342,-1,342,322,320,-1,342,320,344,-1,344,320,319,-1,344,319,347,-1,347,319,316,-1,347,316,348,-1,348,316,314,-1,348,314,350,-1,350,314,312,-1,350,312,352,-1,352,312,310,-1,352,310,354,-1,354,310,308,-1,354,308,303,-1,303,308,307,-1,303,307,302,-1,302,307,305,-1,360,361,362,-1,362,361,363,-1,364,360,365,-1,365,360,362,-1,366,364,367,-1,367,364,365,-1,366,367,368,-1,366,368,369,-1,369,368,370,-1,369,370,371,-1,371,370,372,-1,371,372,373,-1,373,372,374,-1,373,374,375,-1,375,374,376,-1,375,376,377,-1,378,377,379,-1,379,377,376,-1,378,379,380,-1,378,380,381,-1,381,380,382,-1,381,382,383,-1,383,382,384,-1,383,384,385,-1,385,384,386,-1,385,386,387,-1,387,386,388,-1,387,388,389,-1,390,389,391,-1,391,389,388,-1,392,393,394,-1,394,393,395,-1,392,394,396,-1,392,396,397,-1,397,396,398,-1,397,398,399,-1,399,398,400,-1,399,400,401,-1,401,400,402,-1,401,402,403,-1,403,402,404,-1,403,404,405,-1,406,405,407,-1,407,405,404,-1,406,407,408,-1,406,408,409,-1,409,408,410,-1,409,410,411,-1,411,410,412,-1,411,412,413,-1,413,412,414,-1,413,414,415,-1,415,414,363,-1,415,363,361,-1,416,393,392,-1,416,392,417,-1,390,417,389,-1,389,417,392,-1,389,392,387,-1,387,392,397,-1,387,397,385,-1,385,397,399,-1,385,399,383,-1,383,399,401,-1,383,401,381,-1,381,401,403,-1,381,403,378,-1,378,403,405,-1,378,405,377,-1,377,405,406,-1,377,406,375,-1,375,406,409,-1,375,409,373,-1,373,409,411,-1,373,411,371,-1,371,411,413,-1,371,413,369,-1,369,413,415,-1,369,415,366,-1,366,415,361,-1,366,361,364,-1,364,361,360,-1,418,391,388,-1,418,388,419,-1,365,362,367,-1,367,362,363,-1,367,363,368,-1,368,363,414,-1,368,414,370,-1,370,414,412,-1,370,412,372,-1,372,412,410,-1,372,410,374,-1,374,410,408,-1,374,408,376,-1,376,408,407,-1,376,407,379,-1,379,407,404,-1,379,404,380,-1,380,404,402,-1,380,402,382,-1,382,402,400,-1,382,400,384,-1,384,400,398,-1,384,398,386,-1,386,398,396,-1,386,396,388,-1,388,396,394,-1,388,394,419,-1,419,394,395,-1,420,421,422,-1,422,421,423,-1,424,420,425,-1,425,420,422,-1,426,424,427,-1,427,424,425,-1,426,427,428,-1,426,428,429,-1,429,428,430,-1,429,430,431,-1,431,430,432,-1,431,432,433,-1,433,432,434,-1,433,434,435,-1,435,434,436,-1,435,436,437,-1,438,437,439,-1,439,437,436,-1,438,439,440,-1,438,440,441,-1,441,440,442,-1,441,442,443,-1,443,442,444,-1,443,444,445,-1,445,444,446,-1,445,446,447,-1,447,446,448,-1,447,448,449,-1,450,449,451,-1,451,449,448,-1,452,453,454,-1,454,453,455,-1,452,454,456,-1,452,456,457,-1,457,456,458,-1,457,458,459,-1,459,458,460,-1,459,460,461,-1,461,460,462,-1,461,462,463,-1,463,462,464,-1,463,464,465,-1,466,465,467,-1,467,465,464,-1,466,467,468,-1,466,468,469,-1,469,468,470,-1,469,470,471,-1,471,470,472,-1,471,472,473,-1,473,472,474,-1,473,474,475,-1,475,474,423,-1,475,423,421,-1,476,453,452,-1,476,452,477,-1,420,424,421,-1,421,424,426,-1,421,426,475,-1,475,426,429,-1,475,429,473,-1,473,429,431,-1,473,431,471,-1,471,431,433,-1,471,433,469,-1,469,433,435,-1,469,435,466,-1,466,435,437,-1,466,437,465,-1,465,437,438,-1,465,438,463,-1,463,438,441,-1,463,441,461,-1,461,441,443,-1,461,443,459,-1,459,443,445,-1,459,445,457,-1,457,445,447,-1,457,447,452,-1,452,447,449,-1,452,449,477,-1,477,449,450,-1,478,451,448,-1,478,448,479,-1,455,479,454,-1,454,479,448,-1,454,448,456,-1,456,448,446,-1,456,446,458,-1,458,446,444,-1,458,444,460,-1,460,444,442,-1,460,442,462,-1,462,442,440,-1,462,440,464,-1,464,440,439,-1,464,439,467,-1,467,439,436,-1,467,436,468,-1,468,436,434,-1,468,434,470,-1,470,434,432,-1,470,432,472,-1,472,432,430,-1,472,430,474,-1,474,430,428,-1,474,428,423,-1,423,428,427,-1,423,427,422,-1,422,427,425,-1,480,481,482,-1,482,481,483,-1,484,480,485,-1,485,480,482,-1,486,484,487,-1,487,484,485,-1,486,487,488,-1,486,488,489,-1,489,488,490,-1,489,490,491,-1,491,490,492,-1,491,492,493,-1,493,492,494,-1,493,494,495,-1,495,494,496,-1,495,496,497,-1,498,497,499,-1,499,497,496,-1,498,499,500,-1,498,500,501,-1,501,500,502,-1,501,502,503,-1,503,502,504,-1,503,504,505,-1,505,504,506,-1,505,506,507,-1,507,506,508,-1,507,508,509,-1,510,509,511,-1,511,509,508,-1,512,513,514,-1,514,513,515,-1,512,514,516,-1,512,516,517,-1,517,516,518,-1,517,518,519,-1,519,518,520,-1,519,520,521,-1,521,520,522,-1,521,522,523,-1,523,522,524,-1,523,524,525,-1,526,525,527,-1,527,525,524,-1,526,527,528,-1,526,528,529,-1,529,528,530,-1,529,530,531,-1,531,530,532,-1,531,532,533,-1,533,532,534,-1,533,534,535,-1,535,534,483,-1,535,483,481,-1,536,513,512,-1,536,512,537,-1,510,537,509,-1,509,537,512,-1,509,512,507,-1,507,512,517,-1,507,517,505,-1,505,517,519,-1,505,519,503,-1,503,519,521,-1,503,521,501,-1,501,521,523,-1,501,523,498,-1,498,523,525,-1,498,525,497,-1,497,525,526,-1,497,526,495,-1,495,526,529,-1,495,529,493,-1,493,529,531,-1,493,531,491,-1,491,531,533,-1,491,533,489,-1,489,533,535,-1,489,535,486,-1,486,535,481,-1,486,481,484,-1,484,481,480,-1,538,511,508,-1,538,508,539,-1,485,482,487,-1,487,482,483,-1,487,483,488,-1,488,483,534,-1,488,534,490,-1,490,534,532,-1,490,532,492,-1,492,532,530,-1,492,530,494,-1,494,530,528,-1,494,528,496,-1,496,528,527,-1,496,527,499,-1,499,527,524,-1,499,524,500,-1,500,524,522,-1,500,522,502,-1,502,522,520,-1,502,520,504,-1,504,520,518,-1,504,518,506,-1,506,518,516,-1,506,516,508,-1,508,516,514,-1,508,514,539,-1,539,514,515,-1,540,541,542,-1,542,541,543,-1,544,540,545,-1,545,540,542,-1,546,544,547,-1,547,544,545,-1,546,547,548,-1,546,548,549,-1,549,548,550,-1,549,550,551,-1,551,550,552,-1,551,552,553,-1,553,552,554,-1,553,554,555,-1,555,554,556,-1,555,556,557,-1,558,557,559,-1,559,557,556,-1,558,559,560,-1,558,560,561,-1,561,560,562,-1,561,562,563,-1,563,562,564,-1,563,564,565,-1,565,564,566,-1,565,566,567,-1,567,566,568,-1,567,568,569,-1,570,569,571,-1,571,569,568,-1,572,573,574,-1,574,573,575,-1,572,574,576,-1,572,576,577,-1,577,576,578,-1,577,578,579,-1,579,578,580,-1,579,580,581,-1,581,580,582,-1,581,582,583,-1,583,582,584,-1,583,584,585,-1,586,585,587,-1,587,585,584,-1,586,587,588,-1,586,588,589,-1,589,588,590,-1,589,590,591,-1,591,590,592,-1,591,592,593,-1,593,592,594,-1,593,594,595,-1,595,594,543,-1,595,543,541,-1,596,573,572,-1,596,572,597,-1,540,544,541,-1,541,544,546,-1,541,546,595,-1,595,546,549,-1,595,549,593,-1,593,549,551,-1,593,551,591,-1,591,551,553,-1,591,553,589,-1,589,553,555,-1,589,555,586,-1,586,555,557,-1,586,557,585,-1,585,557,558,-1,585,558,583,-1,583,558,561,-1,583,561,581,-1,581,561,563,-1,581,563,579,-1,579,563,565,-1,579,565,577,-1,577,565,567,-1,577,567,572,-1,572,567,569,-1,572,569,597,-1,597,569,570,-1,598,571,568,-1,598,568,599,-1,575,599,574,-1,574,599,568,-1,574,568,576,-1,576,568,566,-1,576,566,578,-1,578,566,564,-1,578,564,580,-1,580,564,562,-1,580,562,582,-1,582,562,560,-1,582,560,584,-1,584,560,559,-1,584,559,587,-1,587,559,556,-1,587,556,588,-1,588,556,554,-1,588,554,590,-1,590,554,552,-1,590,552,592,-1,592,552,550,-1,592,550,594,-1,594,550,548,-1,594,548,543,-1,543,548,547,-1,543,547,542,-1,542,547,545,-1,600,601,602,-1,602,601,603,-1,604,600,605,-1,605,600,602,-1,606,604,607,-1,607,604,605,-1,606,607,608,-1,606,608,609,-1,609,608,610,-1,609,610,611,-1,611,610,612,-1,611,612,613,-1,613,612,614,-1,613,614,615,-1,615,614,616,-1,615,616,617,-1,618,617,619,-1,619,617,616,-1,618,619,620,-1,618,620,621,-1,621,620,622,-1,621,622,623,-1,623,622,624,-1,623,624,625,-1,625,624,626,-1,625,626,627,-1,627,626,628,-1,627,628,629,-1,630,629,631,-1,631,629,628,-1,632,633,634,-1,634,633,635,-1,632,634,636,-1,632,636,637,-1,637,636,638,-1,637,638,639,-1,639,638,640,-1,639,640,641,-1,641,640,642,-1,641,642,643,-1,643,642,644,-1,643,644,645,-1,646,645,647,-1,647,645,644,-1,646,647,648,-1,646,648,649,-1,649,648,650,-1,649,650,651,-1,651,650,652,-1,651,652,653,-1,653,652,654,-1,653,654,655,-1,655,654,603,-1,655,603,601,-1,656,633,632,-1,656,632,657,-1,630,657,629,-1,629,657,632,-1,629,632,627,-1,627,632,637,-1,627,637,625,-1,625,637,639,-1,625,639,623,-1,623,639,641,-1,623,641,621,-1,621,641,643,-1,621,643,618,-1,618,643,645,-1,618,645,617,-1,617,645,646,-1,617,646,615,-1,615,646,649,-1,615,649,613,-1,613,649,651,-1,613,651,611,-1,611,651,653,-1,611,653,609,-1,609,653,655,-1,609,655,606,-1,606,655,601,-1,606,601,604,-1,604,601,600,-1,658,631,628,-1,658,628,659,-1,605,602,607,-1,607,602,603,-1,607,603,608,-1,608,603,654,-1,608,654,610,-1,610,654,652,-1,610,652,612,-1,612,652,650,-1,612,650,614,-1,614,650,648,-1,614,648,616,-1,616,648,647,-1,616,647,619,-1,619,647,644,-1,619,644,620,-1,620,644,642,-1,620,642,622,-1,622,642,640,-1,622,640,624,-1,624,640,638,-1,624,638,626,-1,626,638,636,-1,626,636,628,-1,628,636,634,-1,628,634,659,-1,659,634,635,-1,660,661,662,-1,662,661,663,-1,664,660,665,-1,665,660,662,-1,666,664,667,-1,667,664,665,-1,666,667,668,-1,666,668,669,-1,669,668,670,-1,669,670,671,-1,671,670,672,-1,671,672,673,-1,673,672,674,-1,673,674,675,-1,675,674,676,-1,675,676,677,-1,678,677,679,-1,679,677,676,-1,678,679,680,-1,678,680,681,-1,681,680,682,-1,681,682,683,-1,683,682,684,-1,683,684,685,-1,685,684,686,-1,685,686,687,-1,687,686,688,-1,687,688,689,-1,690,689,691,-1,691,689,688,-1,692,693,694,-1,694,693,695,-1,692,694,696,-1,692,696,697,-1,697,696,698,-1,697,698,699,-1,699,698,700,-1,699,700,701,-1,701,700,702,-1,701,702,703,-1,703,702,704,-1,703,704,705,-1,706,705,707,-1,707,705,704,-1,706,707,708,-1,706,708,709,-1,709,708,710,-1,709,710,711,-1,711,710,712,-1,711,712,713,-1,713,712,714,-1,713,714,715,-1,715,714,663,-1,715,663,661,-1,716,693,692,-1,716,692,717,-1,660,664,661,-1,661,664,666,-1,661,666,715,-1,715,666,669,-1,715,669,713,-1,713,669,671,-1,713,671,711,-1,711,671,673,-1,711,673,709,-1,709,673,675,-1,709,675,706,-1,706,675,677,-1,706,677,705,-1,705,677,678,-1,705,678,703,-1,703,678,681,-1,703,681,701,-1,701,681,683,-1,701,683,699,-1,699,683,685,-1,699,685,697,-1,697,685,687,-1,697,687,692,-1,692,687,689,-1,692,689,717,-1,717,689,690,-1,718,691,688,-1,718,688,719,-1,695,719,694,-1,694,719,688,-1,694,688,696,-1,696,688,686,-1,696,686,698,-1,698,686,684,-1,698,684,700,-1,700,684,682,-1,700,682,702,-1,702,682,680,-1,702,680,704,-1,704,680,679,-1,704,679,707,-1,707,679,676,-1,707,676,708,-1,708,676,674,-1,708,674,710,-1,710,674,672,-1,710,672,712,-1,712,672,670,-1,712,670,714,-1,714,670,668,-1,714,668,663,-1,663,668,667,-1,663,667,662,-1,662,667,665,-1,720,721,722,-1,722,721,723,-1,724,720,725,-1,725,720,722,-1,726,724,727,-1,727,724,725,-1,726,727,728,-1,726,728,729,-1,729,728,730,-1,729,730,731,-1,731,730,732,-1,731,732,733,-1,733,732,734,-1,733,734,735,-1,735,734,736,-1,735,736,737,-1,738,737,739,-1,739,737,736,-1,738,739,740,-1,738,740,741,-1,741,740,742,-1,741,742,743,-1,743,742,744,-1,743,744,745,-1,745,744,746,-1,745,746,747,-1,747,746,748,-1,747,748,749,-1,750,749,751,-1,751,749,748,-1,752,753,754,-1,754,753,755,-1,752,754,756,-1,752,756,757,-1,757,756,758,-1,757,758,759,-1,759,758,760,-1,759,760,761,-1,761,760,762,-1,761,762,763,-1,763,762,764,-1,763,764,765,-1,766,765,767,-1,767,765,764,-1,766,767,768,-1,766,768,769,-1,769,768,770,-1,769,770,771,-1,771,770,772,-1,771,772,773,-1,773,772,774,-1,773,774,775,-1,775,774,723,-1,775,723,721,-1,776,753,752,-1,776,752,777,-1,750,777,749,-1,749,777,752,-1,749,752,747,-1,747,752,757,-1,747,757,745,-1,745,757,759,-1,745,759,743,-1,743,759,761,-1,743,761,741,-1,741,761,763,-1,741,763,738,-1,738,763,765,-1,738,765,737,-1,737,765,766,-1,737,766,735,-1,735,766,769,-1,735,769,733,-1,733,769,771,-1,733,771,731,-1,731,771,773,-1,731,773,729,-1,729,773,775,-1,729,775,726,-1,726,775,721,-1,726,721,724,-1,724,721,720,-1,778,751,748,-1,778,748,779,-1,725,722,727,-1,727,722,723,-1,727,723,728,-1,728,723,774,-1,728,774,730,-1,730,774,772,-1,730,772,732,-1,732,772,770,-1,732,770,734,-1,734,770,768,-1,734,768,736,-1,736,768,767,-1,736,767,739,-1,739,767,764,-1,739,764,740,-1,740,764,762,-1,740,762,742,-1,742,762,760,-1,742,760,744,-1,744,760,758,-1,744,758,746,-1,746,758,756,-1,746,756,748,-1,748,756,754,-1,748,754,779,-1,779,754,755,-1,780,781,782,-1,782,781,783,-1,784,780,785,-1,785,780,782,-1,786,784,787,-1,787,784,785,-1,786,787,788,-1,786,788,789,-1,789,788,790,-1,789,790,791,-1,791,790,792,-1,791,792,793,-1,793,792,794,-1,793,794,795,-1,795,794,796,-1,795,796,797,-1,798,797,799,-1,799,797,796,-1,798,799,800,-1,798,800,801,-1,801,800,802,-1,801,802,803,-1,803,802,804,-1,803,804,805,-1,805,804,806,-1,805,806,807,-1,807,806,808,-1,807,808,809,-1,810,809,811,-1,811,809,808,-1,812,813,814,-1,814,813,815,-1,812,814,816,-1,812,816,817,-1,817,816,818,-1,817,818,819,-1,819,818,820,-1,819,820,821,-1,821,820,822,-1,821,822,823,-1,823,822,824,-1,823,824,825,-1,826,825,827,-1,827,825,824,-1,826,827,828,-1,826,828,829,-1,829,828,830,-1,829,830,831,-1,831,830,832,-1,831,832,833,-1,833,832,834,-1,833,834,835,-1,835,834,783,-1,835,783,781,-1,836,813,812,-1,836,812,837,-1,780,784,781,-1,781,784,786,-1,781,786,835,-1,835,786,789,-1,835,789,833,-1,833,789,791,-1,833,791,831,-1,831,791,793,-1,831,793,829,-1,829,793,795,-1,829,795,826,-1,826,795,797,-1,826,797,825,-1,825,797,798,-1,825,798,823,-1,823,798,801,-1,823,801,821,-1,821,801,803,-1,821,803,819,-1,819,803,805,-1,819,805,817,-1,817,805,807,-1,817,807,812,-1,812,807,809,-1,812,809,837,-1,837,809,810,-1,838,811,808,-1,838,808,839,-1,815,839,814,-1,814,839,808,-1,814,808,816,-1,816,808,806,-1,816,806,818,-1,818,806,804,-1,818,804,820,-1,820,804,802,-1,820,802,822,-1,822,802,800,-1,822,800,824,-1,824,800,799,-1,824,799,827,-1,827,799,796,-1,827,796,828,-1,828,796,794,-1,828,794,830,-1,830,794,792,-1,830,792,832,-1,832,792,790,-1,832,790,834,-1,834,790,788,-1,834,788,783,-1,783,788,787,-1,783,787,782,-1,782,787,785,-1,840,841,842,-1,842,841,843,-1,844,840,845,-1,845,840,842,-1,846,844,847,-1,847,844,845,-1,846,847,848,-1,846,848,849,-1,849,848,850,-1,849,850,851,-1,851,850,852,-1,851,852,853,-1,853,852,854,-1,853,854,855,-1,855,854,856,-1,855,856,857,-1,858,857,859,-1,859,857,856,-1,858,859,860,-1,858,860,861,-1,861,860,862,-1,861,862,863,-1,863,862,864,-1,863,864,865,-1,865,864,866,-1,865,866,867,-1,867,866,868,-1,867,868,869,-1,870,869,871,-1,871,869,868,-1,872,873,874,-1,874,873,875,-1,872,874,876,-1,872,876,877,-1,877,876,878,-1,877,878,879,-1,879,878,880,-1,879,880,881,-1,881,880,882,-1,881,882,883,-1,883,882,884,-1,883,884,885,-1,886,885,887,-1,887,885,884,-1,886,887,888,-1,886,888,889,-1,889,888,890,-1,889,890,891,-1,891,890,892,-1,891,892,893,-1,893,892,894,-1,893,894,895,-1,895,894,843,-1,895,843,841,-1,896,873,872,-1,896,872,897,-1,870,897,869,-1,869,897,872,-1,869,872,867,-1,867,872,877,-1,867,877,865,-1,865,877,879,-1,865,879,863,-1,863,879,881,-1,863,881,861,-1,861,881,883,-1,861,883,858,-1,858,883,885,-1,858,885,857,-1,857,885,886,-1,857,886,855,-1,855,886,889,-1,855,889,853,-1,853,889,891,-1,853,891,851,-1,851,891,893,-1,851,893,849,-1,849,893,895,-1,849,895,846,-1,846,895,841,-1,846,841,844,-1,844,841,840,-1,898,871,868,-1,898,868,899,-1,845,842,847,-1,847,842,843,-1,847,843,848,-1,848,843,894,-1,848,894,850,-1,850,894,892,-1,850,892,852,-1,852,892,890,-1,852,890,854,-1,854,890,888,-1,854,888,856,-1,856,888,887,-1,856,887,859,-1,859,887,884,-1,859,884,860,-1,860,884,882,-1,860,882,862,-1,862,882,880,-1,862,880,864,-1,864,880,878,-1,864,878,866,-1,866,878,876,-1,866,876,868,-1,868,876,874,-1,868,874,899,-1,899,874,875,-1,900,901,902,-1,902,901,903,-1,904,900,905,-1,905,900,902,-1,906,904,907,-1,907,904,905,-1,906,907,908,-1,906,908,909,-1,909,908,910,-1,909,910,911,-1,911,910,912,-1,911,912,913,-1,913,912,914,-1,913,914,915,-1,915,914,916,-1,915,916,917,-1,918,917,919,-1,919,917,916,-1,918,919,920,-1,918,920,921,-1,921,920,922,-1,921,922,923,-1,923,922,924,-1,923,924,925,-1,925,924,926,-1,925,926,927,-1,927,926,928,-1,927,928,929,-1,930,929,931,-1,931,929,928,-1,932,933,934,-1,934,933,935,-1,932,934,936,-1,932,936,937,-1,937,936,938,-1,937,938,939,-1,939,938,940,-1,939,940,941,-1,941,940,942,-1,941,942,943,-1,943,942,944,-1,943,944,945,-1,946,945,947,-1,947,945,944,-1,946,947,948,-1,946,948,949,-1,949,948,950,-1,949,950,951,-1,951,950,952,-1,951,952,953,-1,953,952,954,-1,953,954,955,-1,955,954,903,-1,955,903,901,-1,956,933,932,-1,956,932,957,-1,900,904,901,-1,901,904,906,-1,901,906,955,-1,955,906,909,-1,955,909,953,-1,953,909,911,-1,953,911,951,-1,951,911,913,-1,951,913,949,-1,949,913,915,-1,949,915,946,-1,946,915,917,-1,946,917,945,-1,945,917,918,-1,945,918,943,-1,943,918,921,-1,943,921,941,-1,941,921,923,-1,941,923,939,-1,939,923,925,-1,939,925,937,-1,937,925,927,-1,937,927,932,-1,932,927,929,-1,932,929,957,-1,957,929,930,-1,958,931,928,-1,958,928,959,-1,935,959,934,-1,934,959,928,-1,934,928,936,-1,936,928,926,-1,936,926,938,-1,938,926,924,-1,938,924,940,-1,940,924,922,-1,940,922,942,-1,942,922,920,-1,942,920,944,-1,944,920,919,-1,944,919,947,-1,947,919,916,-1,947,916,948,-1,948,916,914,-1,948,914,950,-1,950,914,912,-1,950,912,952,-1,952,912,910,-1,952,910,954,-1,954,910,908,-1,954,908,903,-1,903,908,907,-1,903,907,902,-1,902,907,905,-1,
        ]
    }
}
Shape{
    appearance Appearance {
        material  Material 	{
            diffuseColor 0.25098039215686274 0.25098039215686274 0.25098039215686274
            specularColor 0.25098039215686274 0.25098039215686274 0.25098039215686274
            ambientIntensity 0.251
            transparency 0.0
            shininess 0.5
        }
    }
    geometry IndexedFaceSet {
        ccw TRUE
        solid FALSE
        coord DEF co Coordinate {
            point [
                -0.815 0.3938 0.1752, -0.815 0.3938 0.1752, -0.7942 0.3729 0.3733, 0.815 0.3938 0.1752, 0.7382 0.3938 0.1752, 0.7382 0.3935 0.1772, 0.7942 0.3729 0.3733, 0.815 0.3938 0.1752, 0.6398 0.3935 0.1772, 0.4429 0.3935 0.1772, 0.4429 0.3938 0.1752, 0.3445 0.3938 0.1752, 0.3445 0.3935 0.1772, 0.2461 0.3935 0.1772, 0.5413 0.3935 0.1772, 0.5413 0.3938 0.1752, 0.6398 0.3938 0.1752, 0.0492 0.3935 0.1772, 0.0492 0.3938 0.1752, -0.0492 0.3938 0.1752, -0.0492 0.3935 0.1772, -0.1476 0.3935 0.1772, 0.1476 0.3935 0.1772, 0.1476 0.3938 0.1752, 0.2461 0.3938 0.1752, -0.3445 0.3935 0.1772, -0.3445 0.3938 0.1752, -0.4429 0.3938 0.1752, -0.4429 0.3935 0.1772, -0.5413 0.3935 0.1772, -0.2461 0.3935 0.1772, -0.2461 0.3938 0.1752, -0.1476 0.3938 0.1752, -0.7382 0.3938 0.1752, -0.7382 0.3935 0.1772, -0.6398 0.3935 0.1772, -0.6398 0.3938 0.1752, -0.5413 0.3938 0.1752, -0.8268 -0.3818 0.1752, -0.8268 -0.3819 0.1752, -0.806 -0.3611 0.3733, -0.8268 0.3819 0.1752, -0.806 0.3612 0.3733, -0.8268 0.382 0.1752, 0.8268 0.3819 0.1752, 0.8268 0.382 0.1752, 0.806 0.3612 0.3733, 0.8268 -0.3818 0.1752, 0.806 -0.3611 0.3733, 0.8268 -0.3819 0.1752, 0.815 -0.3937 0.1752, 0.815 -0.3937 0.1752, 0.7942 -0.3728 0.3733, -0.815 -0.3937 0.1752, -0.7382 -0.3937 0.1752, -0.7382 -0.3934 0.1772, -0.7942 -0.3728 0.3733, -0.815 -0.3937 0.1752, -0.6398 -0.3934 0.1772, -0.4429 -0.3934 0.1772, -0.4429 -0.3937 0.1752, -0.3445 -0.3937 0.1752, -0.3445 -0.3934 0.1772, -0.2461 -0.3934 0.1772, -0.5413 -0.3934 0.1772, -0.5413 -0.3937 0.1752, -0.6398 -0.3937 0.1752, -0.0492 -0.3934 0.1772, -0.0492 -0.3937 0.1752, 0.0492 -0.3937 0.1752, 0.0492 -0.3934 0.1772, 0.1476 -0.3934 0.1772, -0.1476 -0.3934 0.1772, -0.1476 -0.3937 0.1752, -0.2461 -0.3937 0.1752, 0.3445 -0.3934 0.1772, 0.3445 -0.3937 0.1752, 0.4429 -0.3937 0.1752, 0.4429 -0.3934 0.1772, 0.5413 -0.3934 0.1772, 0.2461 -0.3934 0.1772, 0.2461 -0.3937 0.1752, 0.1476 -0.3937 0.1752, 0.7382 -0.3937 0.1752, 0.7382 -0.3934 0.1772, 0.6398 -0.3934 0.1772, 0.6398 -0.3937 0.1752, 0.5413 -0.3937 0.1752, 0.815 -0.3937 0.1201, 0.7382 -0.3937 0.1201, 0.7382 -0.3934 0.1181, 0.8055 -0.3841 0.0295, 0.815 -0.3937 0.1201, 0.6398 -0.3937 0.1201, 0.5413 -0.3937 0.1201, 0.6398 -0.3934 0.1181, 0.5413 -0.3934 0.1181, -0.8055 -0.3841 0.0295, 0.4429 -0.3934 0.1181, 0.2461 -0.3934 0.1181, 0.2461 -0.3937 0.1201, 0.1476 -0.3937 0.1201, 0.1476 -0.3934 0.1181, 0.0492 -0.3934 0.1181, 0.3445 -0.3934 0.1181, 0.3445 -0.3937 0.1201, 0.4429 -0.3937 0.1201, -0.1476 -0.3934 0.1181, -0.1476 -0.3937 0.1201, -0.2461 -0.3937 0.1201, -0.2461 -0.3934 0.1181, -0.3445 -0.3934 0.1181, -0.0492 -0.3934 0.1181, -0.0492 -0.3937 0.1201, 0.0492 -0.3937 0.1201, -0.5413 -0.3934 0.1181, -0.5413 -0.3937 0.1201, -0.6398 -0.3937 0.1201, -0.6398 -0.3934 0.1181, -0.7382 -0.3934 0.1181, -0.4429 -0.3934 0.1181, -0.4429 -0.3937 0.1201, -0.3445 -0.3937 0.1201, -0.7382 -0.3937 0.1201, -0.815 -0.3937 0.1201, -0.815 -0.3937 0.1201, 0.8268 -0.3818 0.1201, 0.8268 -0.3819 0.1201, 0.8173 -0.3724 0.0295, 0.8268 0.3819 0.1201, 0.8173 0.3725 0.0295, 0.8268 0.382 0.1201, -0.8268 0.3819 0.1201, -0.8268 0.382 0.1201, -0.8173 0.3725 0.0295, -0.8268 -0.3818 0.1201, -0.8173 -0.3724 0.0295, -0.8268 -0.3819 0.1201, -0.815 0.3938 0.1201, -0.7382 0.3938 0.1201, -0.7382 0.3935 0.1181, -0.8055 0.3842 0.0295, -0.815 0.3938 0.1201, -0.6398 0.3938 0.1201, -0.5413 0.3938 0.1201, -0.6398 0.3935 0.1181, -0.5413 0.3935 0.1181, 0.8055 0.3842 0.0295, -0.4429 0.3935 0.1181, -0.2461 0.3935 0.1181, -0.2461 0.3938 0.1201, -0.1476 0.3938 0.1201, -0.1476 0.3935 0.1181, -0.0492 0.3935 0.1181, -0.3445 0.3935 0.1181, -0.3445 0.3938 0.1201, -0.4429 0.3938 0.1201, 0.1476 0.3935 0.1181, 0.1476 0.3938 0.1201, 0.2461 0.3938 0.1201, 0.2461 0.3935 0.1181, 0.3445 0.3935 0.1181, 0.0492 0.3935 0.1181, 0.0492 0.3938 0.1201, -0.0492 0.3938 0.1201, 0.5413 0.3935 0.1181, 0.5413 0.3938 0.1201, 0.6398 0.3938 0.1201, 0.6398 0.3935 0.1181, 0.7382 0.3935 0.1181, 0.4429 0.3935 0.1181, 0.4429 0.3938 0.1201, 0.3445 0.3938 0.1201, 0.7382 0.3938 0.1201, 0.815 0.3938 0.1201, 0.815 0.3938 0.1201, 0.8176 -0.3933 0.12, 0.8086 -0.3837 0.0295, 0.8181 -0.3932 0.1199, 0.81 -0.3832 0.0295, 0.8201 -0.3924 0.1199, 0.8114 -0.3826 0.0295, 0.8209 -0.3921 0.1199, 0.8127 -0.3817 0.0295, 0.8223 -0.391 0.1198, 0.8138 -0.3807 0.0295, 0.8169 -0.3754 0.0295, 0.8264 -0.3845 0.12, 0.8264 -0.3849 0.1199, 0.8164 -0.3769 0.0295, 0.8255 -0.3869 0.1199, 0.8157 -0.3783 0.0295, 0.8252 -0.3878 0.1199, 0.8148 -0.3795 0.0295, 0.8241 -0.3891 0.1198, 0.8233 -0.3902 0.1198, -0.8264 -0.3845 0.12, -0.8169 -0.3754 0.0295, -0.8264 -0.3849 0.1199, -0.8164 -0.3769 0.0295, -0.8255 -0.3869 0.1199, -0.8157 -0.3783 0.0295, -0.8252 -0.3878 0.1199, -0.8148 -0.3795 0.0295, -0.8241 -0.3891 0.1198, -0.8138 -0.3807 0.0295, -0.8086 -0.3837 0.0295, -0.8176 -0.3933 0.12, -0.8181 -0.3932 0.1199, -0.81 -0.3832 0.0295, -0.8201 -0.3924 0.1199, -0.8114 -0.3826 0.0295, -0.8209 -0.3921 0.1199, -0.8127 -0.3817 0.0295, -0.8223 -0.391 0.1198, -0.8233 -0.3902 0.1198, 0.8268 -0.3819 0.1201, 0.8268 -0.3819 0.1752, 0.8241 -0.3891 0.1754, 0.8252 -0.3878 0.1754, 0.8255 -0.3869 0.1754, 0.8264 -0.3849 0.1753, 0.8264 -0.3845 0.1753, 0.815 -0.3937 0.1201, 0.8176 -0.3933 0.1753, 0.8181 -0.3932 0.1753, 0.8201 -0.3924 0.1754, 0.8209 -0.3921 0.1754, 0.8223 -0.391 0.1754, 0.8233 -0.3902 0.1755, -0.8176 -0.3933 0.1753, -0.8181 -0.3932 0.1753, -0.8201 -0.3924 0.1754, -0.8209 -0.3921 0.1754, -0.8223 -0.391 0.1754, -0.8233 -0.3902 0.1755, -0.8241 -0.3891 0.1754, -0.8252 -0.3878 0.1754, -0.8255 -0.3869 0.1754, -0.8268 -0.3819 0.1752, -0.8268 -0.3819 0.1201, -0.8264 -0.3845 0.1753, -0.8264 -0.3849 0.1753, 0.8264 0.385 0.1199, 0.8264 0.385 0.1199, 0.8169 0.3755 0.0295, 0.8164 0.377 0.0295, 0.8252 0.3878 0.1199, 0.8252 0.3879 0.1199, 0.8157 0.3784 0.0295, 0.8148 0.3796 0.0295, 0.8233 0.3903 0.1198, 0.8138 0.3808 0.0295, 0.8209 0.3922 0.1199, 0.8086 0.3838 0.0295, 0.8127 0.3818 0.0295, 0.8114 0.3827 0.0295, 0.8209 0.3922 0.1199, 0.81 0.3833 0.0295, 0.8181 0.3933 0.1199, 0.818 0.3933 0.1199, 0.8055 -0.3641 0.3736, 0.7972 -0.3724 0.3736, 0.8055 -0.3641 0.3736, 0.8043 -0.3669 0.3737, 0.8043 -0.3669 0.3737, 0.8025 -0.3693 0.3738, 0.8001 -0.3712 0.3737, 0.8 -0.3712 0.3737, 0.7972 -0.3724 0.3736, 0.7942 -0.3611 0.3839, -0.7942 -0.3611 0.3839, -0.7942 -0.3639 0.3835, -0.7942 -0.3722 0.376, 0.7942 -0.3722 0.376, -0.7942 -0.3722 0.3761, 0.7942 -0.3722 0.3761, -0.7942 -0.3709 0.3786, 0.7942 -0.3709 0.3786, -0.7942 -0.3709 0.3786, 0.7942 -0.3709 0.3786, -0.7942 -0.369 0.3808, 0.7942 -0.369 0.3808, -0.7942 -0.369 0.3808, 0.7942 -0.369 0.3808, -0.7942 -0.3667 0.3825, 0.7942 -0.3667 0.3825, -0.7942 -0.3666 0.3825, 0.7942 -0.3666 0.3825, -0.7942 -0.364 0.3835, 0.7942 -0.364 0.3835, 0.7942 -0.3639 0.3835, -0.7972 -0.3724 0.3736, -0.7972 -0.3724 0.3736, -0.8 -0.3712 0.3737, -0.8001 -0.3712 0.3737, -0.8025 -0.3693 0.3738, -0.8055 -0.3641 0.3736, -0.8055 -0.3641 0.3736, -0.8043 -0.3669 0.3737, -0.8043 -0.3669 0.3737, -0.818 0.3933 0.1199, -0.8181 0.3933 0.1199, -0.8086 0.3838 0.0295, -0.81 0.3833 0.0295, -0.8209 0.3922 0.1199, -0.8209 0.3922 0.1199, -0.8114 0.3827 0.0295, -0.8127 0.3818 0.0295, -0.8233 0.3903 0.1198, -0.8138 0.3808 0.0295, -0.8252 0.3879 0.1199, -0.8169 0.3755 0.0295, -0.8148 0.3796 0.0295, -0.8157 0.3784 0.0295, -0.8252 0.3878 0.1199, -0.8164 0.377 0.0295, -0.8264 0.385 0.1199, -0.8264 0.385 0.1199, 0.8209 0.3922 0.1754, 0.8181 0.3933 0.1753, 0.818 0.3933 0.1753, 0.8268 0.382 0.1752, 0.8268 0.382 0.1201, 0.8264 0.385 0.1753, 0.8264 0.385 0.1753, 0.8252 0.3878 0.1754, 0.8252 0.3879 0.1754, 0.8233 0.3903 0.1755, 0.8209 0.3922 0.1754, 0.7971 -0.3718 0.376, 0.8053 -0.3611 0.3761, 0.804 -0.3611 0.3786, 0.8037 -0.3636 0.3786, 0.7967 -0.3706 0.3786, 0.804 -0.3611 0.3786, 0.8021 -0.3611 0.3808, 0.8019 -0.3631 0.3808, 0.7963 -0.3688 0.3808, 0.8021 -0.3611 0.3808, 0.7998 -0.3611 0.3825, 0.7996 -0.3625 0.3825, 0.7956 -0.3665 0.3825, 0.7997 -0.3611 0.3825, 0.7971 -0.3611 0.3835, 0.797 -0.3618 0.3835, 0.7956 -0.3636 0.3835, 0.7962 -0.3631 0.3835, 0.7967 -0.3625 0.3835, 0.8053 -0.3611 0.376, 0.805 -0.364 0.376, 0.8038 -0.3666 0.376, 0.8021 -0.369 0.376, 0.7998 -0.3707 0.376, 0.7971 -0.3611 0.3835, 0.7949 -0.3639 0.3835, 0.797 -0.3659 0.3825, 0.7981 -0.365 0.3825, 0.799 -0.3639 0.3825, 0.7982 -0.368 0.3808, 0.7998 -0.3667 0.3808, 0.8011 -0.3651 0.3808, 0.7991 -0.3696 0.3786, 0.8012 -0.368 0.3786, 0.8027 -0.366 0.3786, -0.8053 -0.3611 0.3761, -0.8053 -0.3611 0.376, -0.805 -0.364 0.376, -0.7967 -0.3706 0.3786, -0.804 -0.3611 0.3786, -0.804 -0.3611 0.3786, -0.8037 -0.3636 0.3786, -0.7963 -0.3688 0.3808, -0.8021 -0.3611 0.3808, -0.8021 -0.3611 0.3808, -0.8019 -0.3631 0.3808, -0.7956 -0.3665 0.3825, -0.7997 -0.3611 0.3825, -0.7998 -0.3611 0.3825, -0.7996 -0.3625 0.3825, -0.7949 -0.3639 0.3835, -0.7967 -0.3625 0.3835, -0.7962 -0.3631 0.3835, -0.7956 -0.3636 0.3835, -0.7971 -0.3718 0.376, -0.7998 -0.3707 0.376, -0.8021 -0.369 0.376, -0.8038 -0.3666 0.376, -0.7971 -0.3611 0.3835, -0.797 -0.3618 0.3835, -0.7971 -0.3611 0.3835, -0.799 -0.3639 0.3825, -0.7981 -0.365 0.3825, -0.797 -0.3659 0.3825, -0.8011 -0.3651 0.3808, -0.7998 -0.3667 0.3808, -0.7982 -0.368 0.3808, -0.8027 -0.366 0.3786, -0.8012 -0.368 0.3786, -0.7991 -0.3696 0.3786, -0.8268 0.382 0.1201, -0.8268 0.382 0.1752, -0.8252 0.3878 0.1754, -0.8264 0.385 0.1753, -0.8264 0.385 0.1753, -0.815 0.3938 0.1201, -0.818 0.3933 0.1753, -0.8181 0.3933 0.1753, -0.8209 0.3922 0.1754, -0.8209 0.3922 0.1754, -0.8233 0.3903 0.1755, -0.8252 0.3879 0.1754, 0.7972 0.3725 0.3736, 0.7972 0.3725 0.3736, 0.8 0.3713 0.3737, 0.8001 0.3713 0.3737, 0.8055 0.3642 0.3736, 0.8025 0.3694 0.3738, 0.8043 0.367 0.3737, 0.8043 0.367 0.3737, 0.8055 0.3642 0.3736, 0.7942 0.3612 0.3839, 0.8053 0.3612 0.376, 0.8053 0.3612 0.3761, 0.804 0.3612 0.3786, 0.804 0.3612 0.3786, 0.8021 0.3612 0.3808, 0.8021 0.3612 0.3808, 0.7998 0.3612 0.3825, 0.7997 0.3612 0.3825, 0.7971 0.3612 0.3835, 0.7971 0.3612 0.3835, -0.7942 0.3612 0.3839, -0.7971 0.3612 0.3835, -0.8053 0.3612 0.376, -0.8053 0.3612 0.3761, -0.804 0.3612 0.3786, -0.804 0.3612 0.3786, -0.8021 0.3612 0.3808, -0.8021 0.3612 0.3808, -0.7998 0.3612 0.3825, -0.7997 0.3612 0.3825, -0.7971 0.3612 0.3835, -0.8055 0.3642 0.3736, -0.8055 0.3642 0.3736, -0.8043 0.367 0.3737, -0.8043 0.367 0.3737, -0.7972 0.3725 0.3736, -0.8025 0.3694 0.3738, -0.8001 0.3713 0.3737, -0.8 0.3713 0.3737, -0.7972 0.3725 0.3736, 0.805 0.3641 0.376, 0.7942 0.3723 0.3761, 0.7942 0.371 0.3786, 0.7967 0.3707 0.3786, 0.8037 0.3637 0.3786, 0.7942 0.371 0.3786, 0.7942 0.3691 0.3808, 0.7963 0.3689 0.3808, 0.8019 0.3632 0.3808, 0.7942 0.3691 0.3808, 0.7942 0.3668 0.3825, 0.7956 0.3666 0.3825, 0.7996 0.3626 0.3825, 0.7942 0.3667 0.3825, 0.7942 0.3641 0.3835, 0.7949 0.364 0.3835, 0.7967 0.3626 0.3835, 0.7962 0.3632 0.3835, 0.7956 0.3637 0.3835, 0.7942 0.3723 0.376, 0.7971 0.3719 0.376, 0.7998 0.3708 0.376, 0.8021 0.3691 0.376, 0.8038 0.3667 0.376, 0.7942 0.364 0.3835, 0.797 0.3619 0.3835, 0.799 0.364 0.3825, 0.7981 0.3651 0.3825, 0.797 0.366 0.3825, 0.8011 0.3652 0.3808, 0.7998 0.3668 0.3808, 0.7982 0.3681 0.3808, 0.8027 0.3661 0.3786, 0.8012 0.3681 0.3786, 0.7991 0.3697 0.3786, -0.7942 0.3723 0.3761, -0.7942 0.3723 0.376, -0.7971 0.3719 0.376, -0.8037 0.3637 0.3786, -0.7942 0.371 0.3786, -0.7942 0.371 0.3786, -0.7967 0.3707 0.3786, -0.8019 0.3632 0.3808, -0.7942 0.3691 0.3808, -0.7942 0.3691 0.3808, -0.7963 0.3689 0.3808, -0.7996 0.3626 0.3825, -0.7942 0.3667 0.3825, -0.7942 0.3668 0.3825, -0.7956 0.3666 0.3825, -0.797 0.3619 0.3835, -0.7956 0.3637 0.3835, -0.7962 0.3632 0.3835, -0.7967 0.3626 0.3835, -0.805 0.3641 0.376, -0.8038 0.3667 0.376, -0.8021 0.3691 0.376, -0.7998 0.3708 0.376, -0.7942 0.3641 0.3835, -0.7949 0.364 0.3835, -0.7942 0.364 0.3835, -0.797 0.366 0.3825, -0.7981 0.3651 0.3825, -0.799 0.364 0.3825, -0.7982 0.3681 0.3808, -0.7998 0.3668 0.3808, -0.8011 0.3652 0.3808, -0.7991 0.3697 0.3786, -0.8012 0.3681 0.3786, -0.8027 0.3661 0.3786
            ]
        }
        coordIndex [
            0,1,2,-1,3,4,5,-1,6,7,3,-1,3,5,6,-1,6,5,8,-1,6,8,2,-1,9,10,11,-1,12,13,2,-1,11,12,9,-1,9,12,2,-1,9,2,14,-1,14,2,8,-1,14,8,15,-1,15,8,16,-1,17,18,19,-1,20,21,2,-1,19,20,17,-1,17,20,2,-1,17,2,22,-1,22,2,13,-1,22,13,23,-1,23,13,24,-1,25,26,27,-1,28,29,2,-1,27,28,25,-1,25,28,2,-1,25,2,30,-1,30,2,21,-1,30,21,31,-1,31,21,32,-1,33,0,34,-1,34,0,2,-1,34,2,35,-1,35,2,29,-1,35,29,36,-1,36,29,37,-1,38,39,40,-1,38,40,41,-1,41,40,42,-1,41,42,43,-1,44,45,46,-1,44,46,47,-1,47,46,48,-1,47,48,49,-1,50,51,52,-1,53,54,55,-1,56,57,53,-1,53,55,56,-1,56,55,58,-1,56,58,52,-1,59,60,61,-1,62,63,52,-1,61,62,59,-1,59,62,52,-1,59,52,64,-1,64,52,58,-1,64,58,65,-1,65,58,66,-1,67,68,69,-1,70,71,52,-1,69,70,67,-1,67,70,52,-1,67,52,72,-1,72,52,63,-1,72,63,73,-1,73,63,74,-1,75,76,77,-1,78,79,52,-1,77,78,75,-1,75,78,52,-1,75,52,80,-1,80,52,71,-1,80,71,81,-1,81,71,82,-1,83,50,84,-1,84,50,52,-1,84,52,85,-1,85,52,79,-1,85,79,86,-1,86,79,87,-1,88,89,90,-1,91,92,88,-1,93,94,95,-1,95,94,96,-1,88,90,91,-1,91,90,95,-1,91,95,97,-1,97,95,96,-1,97,96,98,-1,99,100,101,-1,102,103,97,-1,101,102,99,-1,99,102,97,-1,99,97,104,-1,104,97,98,-1,104,98,105,-1,105,98,106,-1,107,108,109,-1,110,111,97,-1,109,110,107,-1,107,110,97,-1,107,97,112,-1,112,97,103,-1,112,103,113,-1,113,103,114,-1,115,116,117,-1,118,119,97,-1,117,118,115,-1,115,118,97,-1,115,97,120,-1,120,97,111,-1,120,111,121,-1,121,111,122,-1,119,123,97,-1,97,123,124,-1,97,124,125,-1,126,127,128,-1,126,128,129,-1,129,128,130,-1,129,130,131,-1,132,133,134,-1,132,134,135,-1,135,134,136,-1,135,136,137,-1,138,139,140,-1,141,142,138,-1,143,144,145,-1,145,144,146,-1,138,140,141,-1,141,140,145,-1,141,145,147,-1,147,145,146,-1,147,146,148,-1,149,150,151,-1,152,153,147,-1,151,152,149,-1,149,152,147,-1,149,147,154,-1,154,147,148,-1,154,148,155,-1,155,148,156,-1,157,158,159,-1,160,161,147,-1,159,160,157,-1,157,160,147,-1,157,147,162,-1,162,147,153,-1,162,153,163,-1,163,153,164,-1,165,166,167,-1,168,169,147,-1,167,168,165,-1,165,168,147,-1,165,147,170,-1,170,147,161,-1,170,161,171,-1,171,161,172,-1,169,173,147,-1,147,173,174,-1,147,174,175,-1,92,91,176,-1,176,91,177,-1,176,177,178,-1,178,177,179,-1,178,179,180,-1,180,179,181,-1,180,181,182,-1,182,181,183,-1,182,183,184,-1,184,183,185,-1,186,128,127,-1,127,187,186,-1,186,187,188,-1,186,188,189,-1,189,188,190,-1,189,190,191,-1,191,190,192,-1,191,192,193,-1,193,192,194,-1,193,194,185,-1,185,194,195,-1,185,195,184,-1,137,136,196,-1,196,136,197,-1,196,197,198,-1,198,197,199,-1,198,199,200,-1,200,199,201,-1,200,201,202,-1,202,201,203,-1,202,203,204,-1,204,203,205,-1,206,97,125,-1,125,207,206,-1,206,207,208,-1,206,208,209,-1,209,208,210,-1,209,210,211,-1,211,210,212,-1,211,212,213,-1,213,212,214,-1,213,214,205,-1,205,214,215,-1,205,215,204,-1,126,47,216,-1,216,47,217,-1,216,217,187,-1,218,192,219,-1,219,192,190,-1,219,190,220,-1,220,190,188,-1,220,188,221,-1,221,188,187,-1,221,187,222,-1,222,187,217,-1,50,88,51,-1,51,88,223,-1,51,223,224,-1,224,223,176,-1,224,176,225,-1,225,176,178,-1,225,178,226,-1,226,178,180,-1,226,180,227,-1,227,180,182,-1,227,182,228,-1,228,182,184,-1,228,184,229,-1,229,184,195,-1,229,195,218,-1,218,195,194,-1,218,194,192,-1,124,53,125,-1,125,53,57,-1,125,57,207,-1,57,230,207,-1,207,230,231,-1,207,231,208,-1,208,231,232,-1,208,232,210,-1,210,232,233,-1,210,233,212,-1,212,233,234,-1,212,234,214,-1,214,234,215,-1,215,234,235,-1,215,235,204,-1,235,236,204,-1,204,236,237,-1,204,237,202,-1,202,237,238,-1,38,135,239,-1,239,135,240,-1,239,240,241,-1,241,240,196,-1,241,196,242,-1,242,196,198,-1,242,198,238,-1,238,198,200,-1,238,200,202,-1,243,131,130,-1,243,130,244,-1,130,245,244,-1,244,245,246,-1,244,246,247,-1,247,246,248,-1,246,249,248,-1,248,249,250,-1,248,250,251,-1,251,250,252,-1,251,252,253,-1,254,147,175,-1,252,255,253,-1,253,255,256,-1,253,256,257,-1,257,256,258,-1,257,258,259,-1,259,258,254,-1,259,254,260,-1,260,254,175,-1,219,220,261,-1,261,220,221,-1,261,221,48,-1,48,221,222,-1,48,222,49,-1,262,52,51,-1,261,263,219,-1,219,263,264,-1,219,264,218,-1,218,264,265,-1,218,265,229,-1,229,265,266,-1,229,266,228,-1,228,266,267,-1,228,267,227,-1,227,267,268,-1,227,268,226,-1,226,268,269,-1,226,269,225,-1,225,269,262,-1,225,262,224,-1,224,262,51,-1,270,271,272,-1,56,52,273,-1,273,52,274,-1,273,274,275,-1,275,274,276,-1,275,276,277,-1,277,276,278,-1,277,278,279,-1,279,278,280,-1,279,280,281,-1,281,280,282,-1,281,282,283,-1,283,282,284,-1,283,284,285,-1,285,284,286,-1,285,286,287,-1,287,286,288,-1,287,288,289,-1,289,288,290,-1,289,290,272,-1,272,290,291,-1,272,291,270,-1,233,232,292,-1,292,232,231,-1,292,231,56,-1,56,231,230,-1,56,230,57,-1,292,293,233,-1,233,293,294,-1,233,294,234,-1,234,294,295,-1,234,295,296,-1,297,40,39,-1,39,241,297,-1,297,241,242,-1,297,242,298,-1,298,242,238,-1,298,238,299,-1,299,238,237,-1,299,237,300,-1,300,237,236,-1,300,236,296,-1,296,236,235,-1,296,235,234,-1,301,142,141,-1,301,141,302,-1,141,303,302,-1,302,303,304,-1,302,304,305,-1,305,304,306,-1,304,307,306,-1,306,307,308,-1,306,308,309,-1,309,308,310,-1,309,310,311,-1,312,134,133,-1,310,313,311,-1,311,313,314,-1,311,314,315,-1,315,314,316,-1,315,316,317,-1,317,316,312,-1,317,312,318,-1,318,312,133,-1,174,3,175,-1,175,3,7,-1,175,7,260,-1,319,259,320,-1,320,259,260,-1,320,260,321,-1,321,260,7,-1,44,129,322,-1,322,129,323,-1,322,323,324,-1,324,323,243,-1,324,243,325,-1,325,243,244,-1,325,244,326,-1,326,244,247,-1,326,247,327,-1,327,247,248,-1,327,248,328,-1,328,248,251,-1,328,251,329,-1,329,251,253,-1,329,253,319,-1,319,253,257,-1,319,257,259,-1,276,274,330,-1,331,332,333,-1,280,278,334,-1,335,336,337,-1,284,282,338,-1,339,340,341,-1,288,286,342,-1,343,344,345,-1,270,346,347,-1,270,348,345,-1,48,349,261,-1,261,349,350,-1,261,350,263,-1,263,350,264,-1,264,350,351,-1,264,351,265,-1,265,351,352,-1,265,352,266,-1,266,352,353,-1,266,353,267,-1,267,353,268,-1,268,353,330,-1,268,330,269,-1,269,330,262,-1,262,330,274,-1,262,274,52,-1,344,354,345,-1,345,354,270,-1,347,348,270,-1,290,355,291,-1,291,355,270,-1,346,270,355,-1,290,288,355,-1,355,288,342,-1,355,342,346,-1,346,342,356,-1,346,356,347,-1,347,356,357,-1,347,357,348,-1,348,357,358,-1,348,358,345,-1,345,358,341,-1,345,341,343,-1,343,341,340,-1,286,284,342,-1,342,284,338,-1,342,338,356,-1,356,338,359,-1,356,359,357,-1,357,359,360,-1,357,360,358,-1,358,360,361,-1,358,361,341,-1,341,361,337,-1,341,337,339,-1,339,337,336,-1,282,280,338,-1,338,280,334,-1,338,334,359,-1,359,334,362,-1,359,362,360,-1,360,362,363,-1,360,363,361,-1,361,363,364,-1,361,364,337,-1,337,364,333,-1,337,333,335,-1,335,333,332,-1,278,276,334,-1,334,276,330,-1,334,330,362,-1,362,330,353,-1,362,353,363,-1,363,353,352,-1,363,352,364,-1,364,352,351,-1,364,351,333,-1,333,351,350,-1,333,350,331,-1,331,350,349,-1,365,366,367,-1,275,277,368,-1,369,370,371,-1,279,281,372,-1,373,374,375,-1,283,285,376,-1,377,378,379,-1,287,289,380,-1,271,381,382,-1,271,383,380,-1,56,273,292,-1,292,273,384,-1,292,384,293,-1,293,384,294,-1,294,384,385,-1,294,385,295,-1,295,385,386,-1,295,386,296,-1,296,386,387,-1,296,387,300,-1,300,387,299,-1,299,387,367,-1,299,367,298,-1,298,367,297,-1,297,367,366,-1,297,366,40,-1,289,272,380,-1,380,272,271,-1,382,383,271,-1,388,389,390,-1,390,389,271,-1,381,271,389,-1,388,377,389,-1,389,377,379,-1,389,379,381,-1,381,379,391,-1,381,391,382,-1,382,391,392,-1,382,392,383,-1,383,392,393,-1,383,393,380,-1,380,393,376,-1,380,376,287,-1,287,376,285,-1,378,373,379,-1,379,373,375,-1,379,375,391,-1,391,375,394,-1,391,394,392,-1,392,394,395,-1,392,395,393,-1,393,395,396,-1,393,396,376,-1,376,396,372,-1,376,372,283,-1,283,372,281,-1,374,369,375,-1,375,369,371,-1,375,371,394,-1,394,371,397,-1,394,397,395,-1,395,397,398,-1,395,398,396,-1,396,398,399,-1,396,399,372,-1,372,399,368,-1,372,368,279,-1,279,368,277,-1,370,365,371,-1,371,365,367,-1,371,367,397,-1,397,367,387,-1,397,387,398,-1,398,387,386,-1,398,386,399,-1,399,386,385,-1,399,385,368,-1,368,385,384,-1,368,384,275,-1,275,384,273,-1,132,41,400,-1,400,41,401,-1,400,401,318,-1,402,317,403,-1,403,317,318,-1,403,318,404,-1,404,318,401,-1,0,138,1,-1,1,138,405,-1,1,405,406,-1,406,405,301,-1,406,301,407,-1,407,301,302,-1,407,302,408,-1,408,302,305,-1,408,305,409,-1,409,305,306,-1,409,306,410,-1,410,306,309,-1,410,309,411,-1,411,309,311,-1,411,311,402,-1,402,311,315,-1,402,315,317,-1,329,319,412,-1,412,319,320,-1,412,320,6,-1,6,320,321,-1,6,321,7,-1,412,413,329,-1,329,413,414,-1,329,414,328,-1,328,414,415,-1,416,46,45,-1,415,417,328,-1,328,417,418,-1,328,418,327,-1,327,418,419,-1,327,419,326,-1,326,419,420,-1,326,420,325,-1,325,420,416,-1,325,416,324,-1,324,416,45,-1,421,270,354,-1,48,46,349,-1,349,46,422,-1,349,422,331,-1,331,422,423,-1,331,423,332,-1,332,423,424,-1,332,424,335,-1,335,424,425,-1,335,425,336,-1,336,425,426,-1,336,426,339,-1,339,426,427,-1,339,427,340,-1,340,427,428,-1,340,428,343,-1,343,428,429,-1,343,429,344,-1,344,429,430,-1,344,430,354,-1,354,430,431,-1,354,431,421,-1,271,432,433,-1,42,40,434,-1,434,40,366,-1,434,366,435,-1,435,366,365,-1,435,365,436,-1,436,365,370,-1,436,370,437,-1,437,370,369,-1,437,369,438,-1,438,369,374,-1,438,374,439,-1,439,374,373,-1,439,373,440,-1,440,373,378,-1,440,378,441,-1,441,378,377,-1,441,377,442,-1,442,377,388,-1,442,388,433,-1,433,388,390,-1,433,390,271,-1,411,402,443,-1,443,402,403,-1,443,403,42,-1,42,403,404,-1,42,404,43,-1,443,444,411,-1,411,444,445,-1,411,445,410,-1,410,445,446,-1,447,2,1,-1,446,448,410,-1,410,448,449,-1,410,449,409,-1,409,449,450,-1,409,450,408,-1,408,450,451,-1,408,451,407,-1,407,451,447,-1,407,447,406,-1,406,447,1,-1,423,422,452,-1,453,454,455,-1,425,424,456,-1,457,458,459,-1,427,426,460,-1,461,462,463,-1,429,428,464,-1,465,466,467,-1,421,468,469,-1,421,470,467,-1,6,471,412,-1,412,471,472,-1,412,472,413,-1,413,472,414,-1,414,472,473,-1,414,473,415,-1,415,473,474,-1,415,474,417,-1,417,474,475,-1,417,475,418,-1,418,475,419,-1,419,475,452,-1,419,452,420,-1,420,452,416,-1,416,452,422,-1,416,422,46,-1,466,476,467,-1,467,476,421,-1,469,470,421,-1,430,477,431,-1,431,477,421,-1,468,421,477,-1,430,429,477,-1,477,429,464,-1,477,464,468,-1,468,464,478,-1,468,478,469,-1,469,478,479,-1,469,479,470,-1,470,479,480,-1,470,480,467,-1,467,480,463,-1,467,463,465,-1,465,463,462,-1,428,427,464,-1,464,427,460,-1,464,460,478,-1,478,460,481,-1,478,481,479,-1,479,481,482,-1,479,482,480,-1,480,482,483,-1,480,483,463,-1,463,483,459,-1,463,459,461,-1,461,459,458,-1,426,425,460,-1,460,425,456,-1,460,456,481,-1,481,456,484,-1,481,484,482,-1,482,484,485,-1,482,485,483,-1,483,485,486,-1,483,486,459,-1,459,486,455,-1,459,455,457,-1,457,455,454,-1,424,423,456,-1,456,423,452,-1,456,452,484,-1,484,452,475,-1,484,475,485,-1,485,475,474,-1,485,474,486,-1,486,474,473,-1,486,473,455,-1,455,473,472,-1,455,472,453,-1,453,472,471,-1,487,488,489,-1,435,436,490,-1,491,492,493,-1,437,438,494,-1,495,496,497,-1,439,440,498,-1,499,500,501,-1,441,442,502,-1,432,503,504,-1,432,505,502,-1,42,434,443,-1,443,434,506,-1,443,506,444,-1,444,506,445,-1,445,506,507,-1,445,507,446,-1,446,507,508,-1,446,508,448,-1,448,508,509,-1,448,509,449,-1,449,509,450,-1,450,509,489,-1,450,489,451,-1,451,489,447,-1,447,489,488,-1,447,488,2,-1,442,433,502,-1,502,433,432,-1,504,505,432,-1,510,511,512,-1,512,511,432,-1,503,432,511,-1,510,499,511,-1,511,499,501,-1,511,501,503,-1,503,501,513,-1,503,513,504,-1,504,513,514,-1,504,514,505,-1,505,514,515,-1,505,515,502,-1,502,515,498,-1,502,498,441,-1,441,498,440,-1,500,495,501,-1,501,495,497,-1,501,497,513,-1,513,497,516,-1,513,516,514,-1,514,516,517,-1,514,517,515,-1,515,517,518,-1,515,518,498,-1,498,518,494,-1,498,494,439,-1,439,494,438,-1,496,491,497,-1,497,491,493,-1,497,493,516,-1,516,493,519,-1,516,519,517,-1,517,519,520,-1,517,520,518,-1,518,520,521,-1,518,521,494,-1,494,521,490,-1,494,490,437,-1,437,490,436,-1,492,487,493,-1,493,487,489,-1,493,489,519,-1,519,489,509,-1,519,509,520,-1,520,509,508,-1,520,508,521,-1,521,508,507,-1,521,507,490,-1,490,507,506,-1,490,506,435,-1,435,506,434,-1,432,421,476,-1,6,2,471,-1,471,2,488,-1,471,488,453,-1,453,488,487,-1,453,487,454,-1,454,487,492,-1,454,492,457,-1,457,492,491,-1,457,491,458,-1,458,491,496,-1,458,496,461,-1,461,496,495,-1,461,495,462,-1,462,495,500,-1,462,500,465,-1,465,500,499,-1,465,499,466,-1,466,499,510,-1,466,510,476,-1,476,510,512,-1,476,512,432,-1,
        ]
    }
}
Shape{
    appearance Appearance {
        material  Material 	{
            diffuseColor 0.7529411764705882 0.7529411764705882 0.7529411764705882
            specularColor 0.7529411764705882 0.7529411764705882 0.7529411764705882
            ambientIntensity 0.7529
            transparency 0.0
            shininess 0.5
        }
    }
    geometry IndexedFaceSet {
        ccw TRUE
        solid FALSE
        coord DEF co Coordinate {
            point [
                -0.625 -0.2643 0.3835, -0.6232 -0.2507 0.3839, -0.6232 -0.2507 0.3835, -0.625 -0.2371 0.3839, -0.625 -0.2371 0.3835, -0.6302 -0.2245 0.3839, -0.6302 -0.2245 0.3835, -0.6385 -0.2136 0.3839, -0.6385 -0.2136 0.3835, -0.6494 -0.2053 0.3839, -0.6494 -0.2053 0.3835, -0.662 -0.2001 0.3839, -0.662 -0.2001 0.3835, -0.6756 -0.1983 0.3839, -0.6756 -0.1983 0.3835, -0.6892 -0.2001 0.3839, -0.6892 -0.2001 0.3835, -0.7018 -0.2053 0.3839, -0.7018 -0.2053 0.3835, -0.7127 -0.2136 0.3839, -0.7127 -0.2136 0.3835, -0.721 -0.2245 0.3839, -0.721 -0.2245 0.3835, -0.7262 -0.2371 0.3839, -0.7262 -0.2371 0.3835, -0.728 -0.2507 0.3839, -0.728 -0.2507 0.3835, -0.7262 -0.2643 0.3839, -0.7262 -0.2643 0.3835, -0.721 -0.2769 0.3839, -0.721 -0.2769 0.3835, -0.7127 -0.2878 0.3839, -0.7127 -0.2878 0.3835, -0.7018 -0.2961 0.3839, -0.7018 -0.2961 0.3835, -0.6892 -0.3013 0.3839, -0.6892 -0.3013 0.3835, -0.6756 -0.3031 0.3839, -0.6756 -0.3031 0.3835, -0.662 -0.3013 0.3839, -0.662 -0.3013 0.3835, -0.6494 -0.2961 0.3839, -0.6494 -0.2961 0.3835, -0.6385 -0.2878 0.3839, -0.6385 -0.2878 0.3835, -0.6302 -0.2769 0.3839, -0.6302 -0.2769 0.3835, -0.625 -0.2643 0.3839
            ]
        }
        coordIndex [
            0,1,2,-1,2,1,3,-1,2,3,4,-1,4,3,5,-1,4,5,6,-1,6,5,7,-1,6,7,8,-1,8,7,9,-1,8,9,10,-1,10,9,11,-1,10,11,12,-1,12,11,13,-1,12,13,14,-1,14,13,15,-1,14,15,16,-1,16,15,17,-1,16,17,18,-1,18,17,19,-1,18,19,20,-1,20,19,21,-1,20,21,22,-1,22,21,23,-1,22,23,24,-1,24,23,25,-1,24,25,26,-1,26,25,27,-1,26,27,28,-1,28,27,29,-1,28,29,30,-1,30,29,31,-1,30,31,32,-1,32,31,33,-1,32,33,34,-1,34,33,35,-1,34,35,36,-1,36,35,37,-1,36,37,38,-1,38,37,39,-1,38,39,40,-1,40,39,41,-1,40,41,42,-1,42,41,43,-1,42,43,44,-1,44,43,45,-1,44,45,46,-1,46,45,47,-1,46,47,0,-1,0,47,1,-1,36,38,46,-1,0,2,32,-1,32,2,4,-1,10,12,32,-1,32,12,14,-1,32,14,30,-1,30,14,28,-1,0,32,46,-1,46,32,34,-1,46,34,36,-1,38,40,46,-1,46,40,42,-1,46,42,44,-1,4,6,32,-1,32,6,8,-1,32,8,10,-1,22,24,20,-1,20,24,26,-1,20,26,18,-1,28,14,26,-1,26,14,16,-1,26,16,18,-1,
        ]
    }
}
Shape{
    appearance Appearance {
        material  Material 	{
            diffuseColor 1.0 1.0 1.0
            specularColor 0.5019607843137255 0.5019607843137255 0.5019607843137255
            ambientIntensity 1.0
            transparency 0.0
            shininess 0.5
        }
    }
    geometry IndexedFaceSet {
        ccw TRUE
        solid FALSE
        coord DEF co Coordinate {
            point [
                0.4785 0.2087 0.3843, 0.4785 0.2057 0.3843, 0.4785 0.2087 0.3839, 0.4785 0.2057 0.3839, 0.4678 0.2087 0.3843, 0.4678 0.2087 0.3839, 0.4678 0.2324 0.3843, 0.4678 0.2324 0.3839, 0.4644 0.2324 0.3843, 0.4644 0.2324 0.3839, 0.4644 0.2057 0.3843, 0.4644 0.2057 0.3839, 0.4984 0.2063 0.3839, 0.4991 0.2066 0.3843, 0.4962 0.2056 0.3839, 0.4962 0.2056 0.3843, 0.4945 0.2055 0.3839, 0.4922 0.2052 0.3843, 0.4922 0.2052 0.3839, 0.4991 0.2066 0.3839, 0.4995 0.2068 0.3839, 0.4995 0.2068 0.3843, 0.4995 0.2101 0.3843, 0.4995 0.2101 0.3839, 0.4984 0.2096 0.3839, 0.4971 0.209 0.3843, 0.4971 0.209 0.3839, 0.4941 0.2084 0.3839, 0.4941 0.2084 0.3843, 0.4926 0.2083 0.3839, 0.4926 0.2083 0.3843, 0.49 0.2086 0.3839, 0.49 0.2086 0.3843, 0.4881 0.2093 0.3839, 0.4881 0.2093 0.3843, 0.4864 0.2106 0.3839, 0.4864 0.2106 0.3843, 0.4858 0.2111 0.3839, 0.4858 0.2111 0.3843, 0.4844 0.213 0.3839, 0.4844 0.213 0.3843, 0.4836 0.2152 0.3839, 0.4836 0.2152 0.3843, 0.4832 0.2185 0.3839, 0.4832 0.2185 0.3843, 0.4832 0.2187 0.3839, 0.4832 0.2187 0.3843, 0.4835 0.2219 0.3839, 0.4835 0.2219 0.3843, 0.4843 0.2243 0.3839, 0.4843 0.2243 0.3843, 0.4855 0.2262 0.3839, 0.4855 0.2262 0.3843, 0.486 0.2268 0.3839, 0.486 0.2268 0.3843, 0.4879 0.2283 0.3839, 0.4879 0.2283 0.3843, 0.49 0.2292 0.3839, 0.49 0.2292 0.3843, 0.4923 0.2297 0.3839, 0.4923 0.2297 0.3843, 0.4932 0.2297 0.3839, 0.4932 0.2297 0.3843, 0.4962 0.2294 0.3839, 0.4984 0.2286 0.3839, 0.499 0.2284 0.3843, 0.4962 0.2294 0.3843, 0.499 0.2284 0.3839, 0.4995 0.2281 0.3839, 0.4995 0.2281 0.3843, 0.4995 0.2317 0.3843, 0.4995 0.2317 0.3839, 0.4932 0.2328 0.3839, 0.4932 0.2328 0.3843, 0.4936 0.2328 0.3843, 0.4984 0.2321 0.3839, 0.497 0.2325 0.3843, 0.497 0.2325 0.3839, 0.4959 0.2326 0.3839, 0.4936 0.2328 0.3839, 0.4913 0.2326 0.3839, 0.4894 0.2324 0.3843, 0.4894 0.2324 0.3839, 0.4866 0.2313 0.3839, 0.4866 0.2313 0.3843, 0.484 0.2295 0.3839, 0.484 0.2295 0.3843, 0.4834 0.2289 0.3839, 0.4834 0.2289 0.3843, 0.4816 0.2267 0.3839, 0.4816 0.2267 0.3843, 0.4803 0.2237 0.3839, 0.4803 0.2237 0.3843, 0.4796 0.2203 0.3839, 0.4796 0.2203 0.3843, 0.4796 0.2185 0.3839, 0.4796 0.2185 0.3843, 0.4801 0.2142 0.3839, 0.4801 0.2142 0.3843, 0.4811 0.2114 0.3839, 0.4811 0.2114 0.3843, 0.4827 0.2091 0.3839, 0.4827 0.2091 0.3843, 0.483 0.2089 0.3839, 0.483 0.2089 0.3843, 0.4875 0.2059 0.3839, 0.485 0.2072 0.3843, 0.485 0.2072 0.3839, 0.4898 0.2055 0.3839, 0.4904 0.2053 0.3843, 0.4875 0.2059 0.3843, 0.4904 0.2053 0.3839, 0.5192 0.2087 0.3843, 0.5192 0.2057 0.3843, 0.5192 0.2087 0.3839, 0.5192 0.2057 0.3839, 0.5083 0.2087 0.3839, 0.5083 0.2087 0.3843, 0.5155 0.2087 0.3839, 0.5083 0.2177 0.3843, 0.5083 0.2177 0.3839, 0.5179 0.2177 0.3839, 0.5179 0.2177 0.3843, 0.5155 0.2177 0.3839, 0.5179 0.2208 0.3843, 0.5179 0.2208 0.3839, 0.5083 0.2208 0.3839, 0.5083 0.2208 0.3843, 0.5155 0.2208 0.3839, 0.5083 0.2293 0.3843, 0.5083 0.2293 0.3839, 0.5186 0.2293 0.3839, 0.5186 0.2293 0.3843, 0.5155 0.2293 0.3839, 0.5186 0.2324 0.3843, 0.5186 0.2324 0.3839, 0.5049 0.2324 0.3839, 0.5049 0.2324 0.3843, 0.5155 0.2324 0.3839, 0.5049 0.2057 0.3843, 0.5049 0.2057 0.3839, 0.5155 0.2057 0.3839, 0.5351 0.2289 0.3843, 0.5324 0.2324 0.3843, 0.5318 0.2293 0.3843, 0.5319 0.2324 0.3843, 0.5277 0.2293 0.3843, 0.5243 0.2324 0.3843, 0.5277 0.2087 0.3843, 0.5243 0.2057 0.3843, 0.5316 0.2087 0.3843, 0.5316 0.2057 0.3843, 0.5348 0.209 0.3843, 0.5361 0.2062 0.3843, 0.5371 0.2098 0.3843, 0.5392 0.2074 0.3843, 0.5389 0.211 0.3843, 0.542 0.2094 0.3843, 0.5395 0.2115 0.3843, 0.5409 0.2133 0.3843, 0.5438 0.2116 0.3843, 0.5418 0.2153 0.3843, 0.5452 0.2143 0.3843, 0.5423 0.2178 0.3843, 0.5459 0.2174 0.3843, 0.5424 0.2193 0.3843, 0.546 0.2194 0.3843, 0.5421 0.2223 0.3843, 0.5457 0.2225 0.3843, 0.5414 0.2243 0.3843, 0.5448 0.2251 0.3843, 0.5404 0.2259 0.3843, 0.5432 0.2276 0.3843, 0.5395 0.2268 0.3843, 0.542 0.2288 0.3843, 0.5375 0.2281 0.3843, 0.5396 0.2305 0.3843, 0.5364 0.2318 0.3843, 0.5316 0.2057 0.3839, 0.5243 0.2057 0.3839, 0.542 0.2094 0.3839, 0.5361 0.2062 0.3839, 0.5365 0.2064 0.3839, 0.5392 0.2074 0.3839, 0.5438 0.2116 0.3839, 0.5452 0.2143 0.3839, 0.5459 0.2174 0.3839, 0.546 0.2194 0.3839, 0.5457 0.2225 0.3839, 0.5448 0.2251 0.3839, 0.5432 0.2276 0.3839, 0.542 0.2288 0.3839, 0.5396 0.2305 0.3839, 0.5365 0.2318 0.3839, 0.5364 0.2318 0.3839, 0.5324 0.2324 0.3839, 0.5319 0.2324 0.3839, 0.5243 0.2324 0.3839, 0.5318 0.2293 0.3839, 0.5277 0.2293 0.3839, 0.5277 0.2087 0.3839, 0.5316 0.2087 0.3839, 0.5395 0.2115 0.3839, 0.5389 0.211 0.3839, 0.5371 0.2098 0.3839, 0.5348 0.209 0.3839, 0.5424 0.2193 0.3839, 0.5423 0.2178 0.3839, 0.5418 0.2153 0.3839, 0.5409 0.2133 0.3839, 0.5395 0.2268 0.3839, 0.5404 0.2259 0.3839, 0.5414 0.2243 0.3839, 0.5421 0.2223 0.3839, 0.5351 0.2289 0.3839, 0.5375 0.2281 0.3839
            ]
        }
        coordIndex [
            0,1,2,-1,2,1,3,-1,4,0,5,-1,5,0,2,-1,6,4,7,-1,7,4,5,-1,8,6,9,-1,9,6,7,-1,10,8,11,-1,11,8,9,-1,1,10,3,-1,3,10,11,-1,6,8,4,-1,4,8,10,-1,4,10,0,-1,0,10,1,-1,12,13,14,-1,14,13,15,-1,14,15,16,-1,16,15,17,-1,16,17,18,-1,12,19,13,-1,13,19,20,-1,13,20,21,-1,22,21,23,-1,23,21,20,-1,22,23,24,-1,22,24,25,-1,24,26,25,-1,25,26,27,-1,25,27,28,-1,28,27,29,-1,28,29,30,-1,30,29,31,-1,30,31,32,-1,32,31,33,-1,32,33,34,-1,34,33,35,-1,34,35,36,-1,36,35,37,-1,36,37,38,-1,38,37,39,-1,38,39,40,-1,40,39,41,-1,40,41,42,-1,42,41,43,-1,42,43,44,-1,44,43,45,-1,44,45,46,-1,46,45,47,-1,46,47,48,-1,48,47,49,-1,48,49,50,-1,50,49,51,-1,50,51,52,-1,52,51,53,-1,52,53,54,-1,54,53,55,-1,54,55,56,-1,56,55,57,-1,56,57,58,-1,58,57,59,-1,58,59,60,-1,60,59,61,-1,60,61,62,-1,62,61,63,-1,64,65,63,-1,63,65,66,-1,63,66,62,-1,64,67,65,-1,65,67,68,-1,65,68,69,-1,70,69,71,-1,71,69,68,-1,72,73,74,-1,70,71,75,-1,70,75,76,-1,75,77,76,-1,76,77,78,-1,76,78,74,-1,74,78,79,-1,74,79,72,-1,73,72,80,-1,73,80,81,-1,80,82,81,-1,81,82,83,-1,81,83,84,-1,84,83,85,-1,84,85,86,-1,86,85,87,-1,86,87,88,-1,88,87,89,-1,88,89,90,-1,90,89,91,-1,90,91,92,-1,92,91,93,-1,92,93,94,-1,94,93,95,-1,94,95,96,-1,96,95,97,-1,96,97,98,-1,98,97,99,-1,98,99,100,-1,100,99,101,-1,100,101,102,-1,102,101,103,-1,102,103,104,-1,105,106,107,-1,107,106,104,-1,107,104,103,-1,108,109,105,-1,105,109,110,-1,105,110,106,-1,108,111,109,-1,109,111,18,-1,109,18,17,-1,65,69,70,-1,56,58,81,-1,40,42,98,-1,48,50,90,-1,81,58,73,-1,65,70,66,-1,98,42,96,-1,90,50,88,-1,58,60,73,-1,73,60,62,-1,73,62,74,-1,74,62,66,-1,74,66,76,-1,76,66,70,-1,81,84,56,-1,56,84,86,-1,56,86,54,-1,54,86,88,-1,54,88,52,-1,52,88,50,-1,98,100,40,-1,40,100,102,-1,40,102,38,-1,38,102,104,-1,38,104,36,-1,36,104,106,-1,36,106,34,-1,34,106,110,-1,34,110,32,-1,32,110,109,-1,32,109,30,-1,30,109,17,-1,30,17,28,-1,28,17,15,-1,28,15,25,-1,25,15,13,-1,25,13,22,-1,22,13,21,-1,42,44,96,-1,96,44,46,-1,96,46,94,-1,94,46,48,-1,94,48,92,-1,92,48,90,-1,112,113,114,-1,114,113,115,-1,116,117,118,-1,118,117,112,-1,118,112,114,-1,119,117,120,-1,120,117,116,-1,121,122,123,-1,123,122,119,-1,123,119,120,-1,124,122,125,-1,125,122,121,-1,126,127,128,-1,128,127,124,-1,128,124,125,-1,129,127,130,-1,130,127,126,-1,131,132,133,-1,133,132,129,-1,133,129,130,-1,134,132,135,-1,135,132,131,-1,136,137,138,-1,138,137,134,-1,138,134,135,-1,139,137,140,-1,140,137,136,-1,115,113,141,-1,141,113,139,-1,141,139,140,-1,139,113,112,-1,112,117,139,-1,139,117,119,-1,139,119,137,-1,132,134,129,-1,129,134,137,-1,129,137,127,-1,127,137,119,-1,127,119,124,-1,124,119,122,-1,142,143,144,-1,144,143,145,-1,144,145,146,-1,146,145,147,-1,146,147,148,-1,148,147,149,-1,148,149,150,-1,150,149,151,-1,150,151,152,-1,152,151,153,-1,152,153,154,-1,154,153,155,-1,154,155,156,-1,156,155,157,-1,156,157,158,-1,158,157,159,-1,159,157,160,-1,159,160,161,-1,161,160,162,-1,161,162,163,-1,163,162,164,-1,163,164,165,-1,165,164,166,-1,165,166,167,-1,167,166,168,-1,167,168,169,-1,169,168,170,-1,169,170,171,-1,171,170,172,-1,171,172,173,-1,173,172,174,-1,173,174,175,-1,175,174,176,-1,175,176,142,-1,142,176,177,-1,142,177,143,-1,151,149,178,-1,178,149,179,-1,180,157,155,-1,151,178,181,-1,151,181,153,-1,153,181,182,-1,153,182,155,-1,155,182,183,-1,155,183,180,-1,157,180,184,-1,157,184,160,-1,160,184,185,-1,160,185,162,-1,162,185,186,-1,162,186,164,-1,164,186,187,-1,164,187,166,-1,166,187,188,-1,166,188,168,-1,168,188,189,-1,168,189,170,-1,170,189,190,-1,170,190,172,-1,172,190,191,-1,172,191,174,-1,174,191,192,-1,174,192,176,-1,176,192,193,-1,176,193,177,-1,193,194,177,-1,177,194,195,-1,177,195,143,-1,143,195,196,-1,143,196,145,-1,147,145,197,-1,197,145,196,-1,149,147,179,-1,179,147,197,-1,144,146,198,-1,198,146,199,-1,146,148,199,-1,199,148,200,-1,148,150,200,-1,200,150,201,-1,158,202,203,-1,158,203,156,-1,156,203,204,-1,156,204,154,-1,154,204,205,-1,154,205,152,-1,152,205,201,-1,152,201,150,-1,165,206,207,-1,165,207,163,-1,163,207,208,-1,163,208,161,-1,161,208,209,-1,161,209,159,-1,159,209,202,-1,159,202,158,-1,173,210,211,-1,173,211,171,-1,171,211,212,-1,171,212,169,-1,169,212,213,-1,169,213,167,-1,167,213,206,-1,167,206,165,-1,144,198,214,-1,144,214,142,-1,142,214,215,-1,142,215,175,-1,175,215,210,-1,175,210,173,-1,
        ]
    }
}
Shape{
    appearance Appearance {
        material  Material 	{
            diffuseColor 0.25098039215686274 0.25098039215686274 0.25098039215686274
            specularColor 0.25098039215686274 0.25098039215686274 0.25098039215686274
            ambientIntensity 0.251
            transparency 0.0
            shininess 0.5
        }
    }
    geometry IndexedFaceSet {
        ccw TRUE
        solid FALSE
        coord DEF co Coordinate {
            point [
                0.5277 0.2293 0.3839, 0.5277 0.2087 0.3839, 0.5318 0.2293 0.3839, 0.5316 0.2087 0.3839, 0.5348 0.209 0.3839, 0.5371 0.2098 0.3839, 0.5389 0.211 0.3839, 0.5395 0.2115 0.3839, 0.5409 0.2133 0.3839, 0.5418 0.2153 0.3839, 0.5423 0.2178 0.3839, 0.5424 0.2193 0.3839, 0.5421 0.2223 0.3839, 0.5414 0.2243 0.3839, 0.5404 0.2259 0.3839, 0.5395 0.2268 0.3839, 0.5351 0.2289 0.3839, 0.5375 0.2281 0.3839
            ]
        }
        coordIndex [
            0,1,2,-1,2,1,3,-1,2,3,4,-1,4,5,2,-1,2,5,6,-1,2,6,7,-1,7,8,2,-1,2,8,9,-1,2,9,10,-1,10,11,2,-1,2,11,12,-1,2,12,13,-1,13,14,2,-1,2,14,15,-1,2,15,16,-1,16,15,17,-1,
        ]
    }
}
Shape{
    appearance Appearance {
        material  Material 	{
            diffuseColor 1.0 1.0 1.0
            specularColor 0.5019607843137255 0.5019607843137255 0.5019607843137255
            ambientIntensity 1.0
            transparency 0.0
            shininess 0.5
        }
    }
    geometry IndexedFaceSet {
        ccw TRUE
        solid FALSE
        coord DEF co Coordinate {
            point [
                0.555 0.216 0.3843, 0.5539 0.213 0.3843, 0.5639 0.216 0.3843, 0.565 0.213 0.3843, 0.5589 0.2271 0.3843, 0.5577 0.2324 0.3843, 0.5475 0.2057 0.3843, 0.5513 0.2057 0.3843, 0.5592 0.2279 0.3843, 0.5594 0.229 0.3843, 0.5613 0.2324 0.3843, 0.5595 0.229 0.3843, 0.5597 0.2278 0.3843, 0.5599 0.2271 0.3843, 0.5715 0.2057 0.3843, 0.5677 0.2057 0.3843, 0.5613 0.2324 0.3839, 0.5715 0.2057 0.3839, 0.5577 0.2324 0.3839, 0.5475 0.2057 0.3839, 0.5552 0.2259 0.3839, 0.5513 0.2057 0.3839, 0.5539 0.213 0.3839, 0.565 0.213 0.3839, 0.5552 0.213 0.3839, 0.5677 0.2057 0.3839, 0.555 0.216 0.3839, 0.5639 0.216 0.3839, 0.5599 0.2271 0.3839, 0.5595 0.229 0.3839, 0.5597 0.2278 0.3839, 0.5594 0.229 0.3839, 0.5589 0.2271 0.3839, 0.5592 0.2279 0.3839
            ]
        }
        coordIndex [
            0,1,2,-1,2,1,3,-1,4,5,0,-1,0,5,6,-1,0,6,1,-1,1,6,7,-1,4,8,5,-1,5,8,9,-1,5,9,10,-1,10,9,11,-1,10,11,12,-1,12,13,10,-1,10,13,2,-1,10,2,14,-1,14,2,3,-1,14,3,15,-1,10,14,16,-1,16,14,17,-1,5,10,18,-1,18,10,16,-1,19,6,20,-1,20,6,5,-1,20,5,18,-1,7,6,21,-1,21,6,19,-1,1,7,22,-1,22,7,21,-1,23,3,24,-1,24,3,1,-1,24,1,22,-1,15,3,25,-1,25,3,23,-1,14,15,17,-1,17,15,25,-1,0,2,26,-1,26,2,27,-1,2,13,27,-1,27,13,28,-1,11,29,30,-1,11,30,12,-1,12,30,28,-1,12,28,13,-1,11,9,29,-1,29,9,31,-1,4,32,33,-1,4,33,8,-1,8,33,31,-1,8,31,9,-1,4,0,32,-1,32,0,26,-1,
        ]
    }
}
Shape{
    appearance Appearance {
        material  Material 	{
            diffuseColor 0.25098039215686274 0.25098039215686274 0.25098039215686274
            specularColor 0.25098039215686274 0.25098039215686274 0.25098039215686274
            ambientIntensity 0.251
            transparency 0.0
            shininess 0.5
        }
    }
    geometry IndexedFaceSet {
        ccw TRUE
        solid FALSE
        coord DEF co Coordinate {
            point [
                0.5595 0.229 0.3839, 0.5594 0.229 0.3839, 0.5597 0.2278 0.3839, 0.5592 0.2279 0.3839, 0.5599 0.2271 0.3839, 0.5589 0.2271 0.3839, 0.5639 0.216 0.3839, 0.555 0.216 0.3839
            ]
        }
        coordIndex [
            0,1,2,-1,2,1,3,-1,2,3,4,-1,4,3,5,-1,4,5,6,-1,6,5,7,-1,
        ]
    }
}
Shape{
    appearance Appearance {
        material  Material 	{
            diffuseColor 1.0 1.0 1.0
            specularColor 0.5019607843137255 0.5019607843137255 0.5019607843137255
            ambientIntensity 1.0
            transparency 0.0
            shininess 0.5
        }
    }
    geometry IndexedFaceSet {
        ccw TRUE
        solid FALSE
        coord DEF co Coordinate {
            point [
                0.4787 0.1664 0.3843, 0.4787 0.1633 0.3843, 0.4787 0.1664 0.3839, 0.4787 0.1633 0.3839, 0.4678 0.1664 0.3839, 0.4678 0.1664 0.3843, 0.4786 0.1664 0.3839, 0.4678 0.1754 0.3843, 0.4678 0.1754 0.3839, 0.4774 0.1754 0.3843, 0.4774 0.1754 0.3839, 0.4774 0.1784 0.3843, 0.4774 0.1784 0.3839, 0.4678 0.1784 0.3843, 0.4678 0.1784 0.3839, 0.4678 0.187 0.3843, 0.4678 0.1864 0.3839, 0.4678 0.187 0.3839, 0.4781 0.187 0.3843, 0.4781 0.187 0.3839, 0.4781 0.19 0.3843, 0.4781 0.19 0.3839, 0.4644 0.19 0.3843, 0.4644 0.19 0.3839, 0.4644 0.1633 0.3839, 0.4644 0.1633 0.3843, 0.4644 0.1864 0.3839, 0.4786 0.1633 0.3839, 0.4939 0.1633 0.3843, 0.4973 0.1633 0.3843, 0.4939 0.1663 0.3843, 0.4973 0.1756 0.3843, 0.4939 0.1755 0.3843, 0.4867 0.1715 0.3843, 0.4875 0.1719 0.3843, 0.4895 0.1723 0.3843, 0.4939 0.1729 0.3843, 0.4939 0.1711 0.3843, 0.4938 0.1769 0.3843, 0.4969 0.1784 0.3843, 0.4935 0.1781 0.3843, 0.4964 0.1798 0.3843, 0.4931 0.1788 0.3843, 0.4957 0.1809 0.3843, 0.4926 0.1794 0.3843, 0.495 0.1815 0.3843, 0.492 0.1797 0.3843, 0.4939 0.1822 0.3843, 0.4912 0.18 0.3843, 0.4926 0.1826 0.3843, 0.4901 0.1801 0.3843, 0.4904 0.1828 0.3843, 0.4881 0.1799 0.3843, 0.4874 0.1825 0.3843, 0.4861 0.1792 0.3843, 0.4848 0.1816 0.3843, 0.4838 0.1778 0.3843, 0.4838 0.1811 0.3843, 0.4939 0.1709 0.3843, 0.4937 0.1694 0.3843, 0.4932 0.1682 0.3843, 0.4938 0.1663 0.3843, 0.4925 0.1672 0.3843, 0.4933 0.1655 0.3843, 0.4921 0.1668 0.3843, 0.4923 0.1644 0.3843, 0.4911 0.1661 0.3843, 0.4911 0.1636 0.3843, 0.4901 0.1658 0.3843, 0.4897 0.1631 0.3843, 0.4889 0.1656 0.3843, 0.488 0.1629 0.3843, 0.4877 0.1658 0.3843, 0.486 0.1631 0.3843, 0.487 0.166 0.3843, 0.4847 0.1636 0.3843, 0.4863 0.1665 0.3843, 0.4836 0.1644 0.3843, 0.486 0.1668 0.3843, 0.4883 0.1747 0.3843, 0.4856 0.174 0.3843, 0.4862 0.1711 0.3843, 0.4842 0.1732 0.3843, 0.4858 0.1706 0.3843, 0.4832 0.1723 0.3843, 0.4855 0.17 0.3843, 0.4825 0.1712 0.3843, 0.4854 0.1692 0.3843, 0.4821 0.17 0.3843, 0.4853 0.1687 0.3843, 0.4819 0.1684 0.3843, 0.4854 0.168 0.3843, 0.4821 0.1669 0.3843, 0.4856 0.1673 0.3843, 0.4825 0.1658 0.3843, 0.4832 0.1648 0.3843, 0.4904 0.1828 0.3839, 0.4874 0.1825 0.3839, 0.4848 0.1816 0.3839, 0.4838 0.1811 0.3839, 0.4838 0.1778 0.3839, 0.4861 0.1792 0.3839, 0.4881 0.1799 0.3839, 0.4901 0.1801 0.3839, 0.4912 0.18 0.3839, 0.492 0.1797 0.3839, 0.4926 0.1794 0.3839, 0.4931 0.1788 0.3839, 0.4935 0.1781 0.3839, 0.4938 0.1769 0.3839, 0.4939 0.1755 0.3839, 0.4883 0.1747 0.3839, 0.4856 0.174 0.3839, 0.4842 0.1732 0.3839, 0.4832 0.1723 0.3839, 0.4825 0.1712 0.3839, 0.4821 0.17 0.3839, 0.4819 0.1684 0.3839, 0.4821 0.1669 0.3839, 0.4825 0.1658 0.3839, 0.4832 0.1648 0.3839, 0.4836 0.1644 0.3839, 0.488 0.1629 0.3839, 0.4861 0.1631 0.3839, 0.486 0.1631 0.3839, 0.4847 0.1636 0.3839, 0.4897 0.1631 0.3839, 0.4898 0.1631 0.3839, 0.4911 0.1636 0.3839, 0.4923 0.1644 0.3839, 0.4933 0.1655 0.3839, 0.4938 0.1663 0.3839, 0.4939 0.1663 0.3839, 0.4939 0.1633 0.3839, 0.4973 0.1633 0.3839, 0.4973 0.1756 0.3839, 0.4969 0.1784 0.3839, 0.4964 0.1798 0.3839, 0.4957 0.1809 0.3839, 0.495 0.1815 0.3839, 0.4939 0.1822 0.3839, 0.4926 0.1826 0.3839, 0.4862 0.1711 0.3839, 0.4867 0.1715 0.3839, 0.4875 0.1719 0.3839, 0.4895 0.1723 0.3839, 0.4853 0.1687 0.3839, 0.4854 0.1692 0.3839, 0.4855 0.17 0.3839, 0.4858 0.1706 0.3839, 0.4863 0.1665 0.3839, 0.486 0.1668 0.3839, 0.4856 0.1673 0.3839, 0.4854 0.168 0.3839, 0.4889 0.1656 0.3839, 0.4877 0.1658 0.3839, 0.487 0.166 0.3839, 0.4925 0.1672 0.3839, 0.4921 0.1668 0.3839, 0.4911 0.1661 0.3839, 0.4901 0.1658 0.3839, 0.4939 0.1711 0.3839, 0.4939 0.1709 0.3839, 0.4937 0.1694 0.3839, 0.4932 0.1682 0.3839, 0.4939 0.1729 0.3839
            ]
        }
        coordIndex [
            0,1,2,-1,2,1,3,-1,4,5,6,-1,6,5,0,-1,6,0,2,-1,7,5,8,-1,8,5,4,-1,9,7,10,-1,10,7,8,-1,11,9,12,-1,12,9,10,-1,13,11,14,-1,14,11,12,-1,13,14,15,-1,15,14,16,-1,15,16,17,-1,18,15,19,-1,19,15,17,-1,20,18,21,-1,21,18,19,-1,22,20,23,-1,23,20,21,-1,24,25,26,-1,26,25,22,-1,26,22,23,-1,3,1,27,-1,27,1,25,-1,27,25,24,-1,25,1,0,-1,0,5,25,-1,25,5,7,-1,25,7,22,-1,18,20,15,-1,15,20,22,-1,15,22,13,-1,13,22,7,-1,13,7,11,-1,11,7,9,-1,28,29,30,-1,30,29,31,-1,32,33,34,-1,35,36,31,-1,31,36,37,-1,34,35,32,-1,32,35,31,-1,32,31,38,-1,38,31,39,-1,38,39,40,-1,40,39,41,-1,40,41,42,-1,42,41,43,-1,42,43,44,-1,44,43,45,-1,44,45,46,-1,46,45,47,-1,46,47,48,-1,48,47,49,-1,48,49,50,-1,50,49,51,-1,50,51,52,-1,52,51,53,-1,52,53,54,-1,54,53,55,-1,54,55,56,-1,56,55,57,-1,37,58,31,-1,31,58,59,-1,31,59,30,-1,30,59,60,-1,30,60,61,-1,61,60,62,-1,61,62,63,-1,63,62,64,-1,63,64,65,-1,65,64,66,-1,65,66,67,-1,67,66,68,-1,67,68,69,-1,69,68,70,-1,69,70,71,-1,71,70,72,-1,71,72,73,-1,73,72,74,-1,73,74,75,-1,75,74,76,-1,75,76,77,-1,77,76,78,-1,32,79,33,-1,33,79,80,-1,33,80,81,-1,81,80,82,-1,81,82,83,-1,83,82,84,-1,83,84,85,-1,85,84,86,-1,85,86,87,-1,87,86,88,-1,87,88,89,-1,89,88,90,-1,89,90,91,-1,91,90,92,-1,91,92,93,-1,93,92,94,-1,93,94,78,-1,78,94,95,-1,78,95,77,-1,51,96,97,-1,51,97,53,-1,53,97,98,-1,53,98,55,-1,55,98,99,-1,55,99,57,-1,56,57,100,-1,100,57,99,-1,56,100,101,-1,56,101,54,-1,54,101,102,-1,54,102,52,-1,52,102,103,-1,52,103,50,-1,50,103,104,-1,50,104,48,-1,48,104,105,-1,48,105,46,-1,46,105,106,-1,46,106,44,-1,44,106,107,-1,44,107,42,-1,42,107,108,-1,42,108,40,-1,40,108,109,-1,40,109,38,-1,38,109,110,-1,38,110,32,-1,79,32,111,-1,111,32,110,-1,79,111,112,-1,79,112,80,-1,80,112,113,-1,80,113,82,-1,82,113,114,-1,82,114,84,-1,84,114,115,-1,84,115,86,-1,86,115,116,-1,86,116,88,-1,88,116,117,-1,88,117,90,-1,90,117,118,-1,90,118,92,-1,92,118,119,-1,92,119,94,-1,94,119,120,-1,94,120,95,-1,95,120,121,-1,95,121,77,-1,122,71,123,-1,123,71,73,-1,123,73,124,-1,124,73,75,-1,124,75,125,-1,125,75,77,-1,125,77,121,-1,71,122,126,-1,71,126,69,-1,69,126,127,-1,69,127,67,-1,127,128,67,-1,67,128,129,-1,67,129,65,-1,65,129,130,-1,65,130,63,-1,63,130,131,-1,63,131,61,-1,30,61,132,-1,132,61,131,-1,28,30,133,-1,133,30,132,-1,29,28,134,-1,134,28,133,-1,31,29,135,-1,135,29,134,-1,31,135,136,-1,31,136,39,-1,39,136,137,-1,39,137,41,-1,41,137,138,-1,41,138,43,-1,43,138,139,-1,43,139,45,-1,45,139,140,-1,45,140,47,-1,47,140,141,-1,47,141,49,-1,49,141,96,-1,49,96,51,-1,81,142,143,-1,81,143,33,-1,33,143,144,-1,33,144,34,-1,34,144,145,-1,34,145,35,-1,89,146,147,-1,89,147,87,-1,87,147,148,-1,87,148,85,-1,85,148,149,-1,85,149,83,-1,83,149,142,-1,83,142,81,-1,76,150,151,-1,76,151,78,-1,78,151,152,-1,78,152,93,-1,93,152,153,-1,93,153,91,-1,91,153,146,-1,91,146,89,-1,70,154,155,-1,70,155,72,-1,72,155,156,-1,72,156,74,-1,74,156,150,-1,74,150,76,-1,62,157,158,-1,62,158,64,-1,64,158,159,-1,64,159,66,-1,66,159,160,-1,66,160,68,-1,68,160,154,-1,68,154,70,-1,37,161,162,-1,37,162,58,-1,58,162,163,-1,58,163,59,-1,59,163,164,-1,59,164,60,-1,60,164,157,-1,60,157,62,-1,37,36,161,-1,161,36,165,-1,36,35,165,-1,165,35,145,-1,
        ]
    }
}
Shape{
    appearance Appearance {
        material  Material 	{
            diffuseColor 0.25098039215686274 0.25098039215686274 0.25098039215686274
            specularColor 0.25098039215686274 0.25098039215686274 0.25098039215686274
            ambientIntensity 0.251
            transparency 0.0
            shininess 0.5
        }
    }
    geometry IndexedFaceSet {
        ccw TRUE
        solid FALSE
        coord DEF co Coordinate {
            point [
                0.4939 0.1729 0.3839, 0.4895 0.1723 0.3839, 0.4939 0.1711 0.3839, 0.4875 0.1719 0.3839, 0.4867 0.1715 0.3839, 0.4862 0.1711 0.3839, 0.4939 0.1709 0.3839, 0.4937 0.1694 0.3839, 0.4858 0.1706 0.3839, 0.4932 0.1682 0.3839, 0.486 0.1668 0.3839, 0.4863 0.1665 0.3839, 0.4921 0.1668 0.3839, 0.4856 0.1673 0.3839, 0.4911 0.1661 0.3839, 0.4901 0.1658 0.3839, 0.4889 0.1656 0.3839, 0.4855 0.17 0.3839, 0.4854 0.1692 0.3839, 0.4925 0.1672 0.3839, 0.4853 0.1687 0.3839, 0.4854 0.168 0.3839, 0.487 0.166 0.3839, 0.4877 0.1658 0.3839
            ]
        }
        coordIndex [
            0,1,2,-1,2,1,3,-1,3,4,2,-1,2,4,5,-1,2,5,6,-1,6,5,7,-1,7,5,8,-1,7,8,9,-1,10,11,12,-1,10,12,13,-1,14,12,15,-1,15,12,16,-1,8,17,9,-1,9,17,18,-1,9,18,19,-1,19,18,20,-1,19,20,12,-1,12,20,21,-1,12,21,13,-1,11,22,12,-1,12,22,23,-1,12,23,16,-1,
        ]
    }
}
Shape{
    appearance Appearance {
        material  Material 	{
            diffuseColor 1.0 1.0 1.0
            specularColor 0.5019607843137255 0.5019607843137255 0.5019607843137255
            ambientIntensity 1.0
            transparency 0.0
            shininess 0.5
        }
    }
    geometry IndexedFaceSet {
        ccw TRUE
        solid FALSE
        coord DEF co Coordinate {
            point [
                0.5073 0.1656 0.3843, 0.5073 0.1656 0.3839, 0.5052 0.1659 0.3839, 0.5033 0.1666 0.3839, 0.5031 0.1667 0.3843, 0.5052 0.1659 0.3843, 0.5031 0.1667 0.3839, 0.5018 0.1675 0.3839, 0.5018 0.1675 0.3843, 0.5018 0.164 0.3843, 0.5018 0.164 0.3839, 0.5041 0.1632 0.3843, 0.5033 0.1635 0.3839, 0.507 0.1629 0.3839, 0.507 0.1629 0.3843, 0.5048 0.1631 0.3839, 0.5041 0.1632 0.3839, 0.5098 0.1632 0.3843, 0.509 0.1631 0.3839, 0.5098 0.1632 0.3839, 0.5116 0.1639 0.3839, 0.5116 0.1639 0.3843, 0.5125 0.1644 0.3839, 0.5125 0.1644 0.3843, 0.5135 0.1652 0.3839, 0.5135 0.1652 0.3843, 0.5141 0.1661 0.3839, 0.5141 0.1661 0.3843, 0.5145 0.1672 0.3839, 0.5145 0.1672 0.3843, 0.5147 0.1685 0.3839, 0.5147 0.1685 0.3843, 0.5145 0.1698 0.3839, 0.5145 0.1698 0.3843, 0.5142 0.1708 0.3839, 0.5142 0.1708 0.3843, 0.5135 0.1717 0.3839, 0.5135 0.1717 0.3843, 0.5127 0.1724 0.3839, 0.5127 0.1724 0.3843, 0.5105 0.1736 0.3839, 0.5105 0.1736 0.3843, 0.5092 0.1741 0.3839, 0.5092 0.1741 0.3843, 0.5072 0.175 0.3839, 0.5072 0.175 0.3843, 0.506 0.1758 0.3839, 0.506 0.1758 0.3843, 0.5057 0.1761 0.3839, 0.5057 0.1761 0.3843, 0.5054 0.1766 0.3839, 0.5054 0.1766 0.3843, 0.5053 0.1771 0.3839, 0.5053 0.1771 0.3843, 0.5053 0.1776 0.3839, 0.5053 0.1776 0.3843, 0.5053 0.1781 0.3839, 0.5053 0.1781 0.3843, 0.5055 0.1785 0.3839, 0.5055 0.1785 0.3843, 0.5058 0.179 0.3839, 0.5058 0.179 0.3843, 0.5063 0.1794 0.3839, 0.5063 0.1794 0.3843, 0.507 0.1798 0.3839, 0.507 0.1798 0.3843, 0.5079 0.1801 0.3839, 0.5079 0.1801 0.3843, 0.5089 0.1801 0.3839, 0.5089 0.1801 0.3843, 0.5113 0.1798 0.3839, 0.5113 0.1798 0.3843, 0.5132 0.1791 0.3839, 0.5132 0.1791 0.3843, 0.5138 0.1787 0.3839, 0.5138 0.1787 0.3843, 0.5138 0.182 0.3843, 0.5138 0.182 0.3839, 0.5113 0.1827 0.3839, 0.5113 0.1827 0.3843, 0.5092 0.1828 0.3839, 0.5092 0.1828 0.3843, 0.5066 0.1825 0.3839, 0.5066 0.1825 0.3843, 0.5048 0.1818 0.3839, 0.5048 0.1818 0.3843, 0.504 0.1813 0.3839, 0.504 0.1813 0.3843, 0.503 0.1804 0.3843, 0.5033 0.1808 0.3839, 0.503 0.1804 0.3839, 0.5023 0.1795 0.3839, 0.5023 0.1795 0.3843, 0.5019 0.1785 0.3839, 0.5019 0.1785 0.3843, 0.5018 0.1773 0.3839, 0.5018 0.1773 0.3843, 0.502 0.176 0.3839, 0.502 0.176 0.3843, 0.5023 0.1749 0.3839, 0.5023 0.1749 0.3843, 0.5028 0.1742 0.3839, 0.5028 0.1742 0.3843, 0.5069 0.1717 0.3839, 0.5069 0.1717 0.3843, 0.5049 0.1726 0.3843, 0.5033 0.1737 0.3839, 0.5033 0.1737 0.3843, 0.5033 0.1737 0.3839, 0.5049 0.1726 0.3839, 0.5091 0.1708 0.3839, 0.5091 0.1708 0.3843, 0.5104 0.17 0.3839, 0.5104 0.17 0.3843, 0.5108 0.1696 0.3839, 0.5108 0.1696 0.3843, 0.511 0.1691 0.3839, 0.511 0.1691 0.3843, 0.5112 0.1686 0.3839, 0.5112 0.1686 0.3843, 0.5112 0.1682 0.3839, 0.5112 0.1682 0.3843, 0.5112 0.1676 0.3839, 0.5112 0.1676 0.3843, 0.511 0.1671 0.3839, 0.511 0.1671 0.3843, 0.5107 0.1667 0.3839, 0.5107 0.1667 0.3843, 0.5103 0.1663 0.3839, 0.5103 0.1663 0.3843, 0.51 0.1661 0.3839, 0.51 0.1661 0.3843, 0.5092 0.1658 0.3839, 0.5092 0.1658 0.3843, 0.5074 0.1656 0.3839, 0.5074 0.1656 0.3843, 0.5312 0.1824 0.3843, 0.5347 0.1824 0.3843, 0.5312 0.1824 0.3839, 0.5347 0.1824 0.3839, 0.526 0.168 0.3843, 0.526 0.168 0.3839, 0.5258 0.1672 0.3839, 0.5258 0.1672 0.3843, 0.5256 0.1665 0.3839, 0.5256 0.1665 0.3843, 0.5255 0.1665 0.3843, 0.5255 0.1665 0.3839, 0.5251 0.1681 0.3843, 0.5251 0.1681 0.3839, 0.5201 0.1824 0.3843, 0.5201 0.1824 0.3839, 0.5164 0.1824 0.3843, 0.5164 0.1824 0.3839, 0.5239 0.1634 0.3843, 0.5239 0.1634 0.3839, 0.5224 0.1599 0.3839, 0.5224 0.1599 0.3843, 0.5238 0.1631 0.3839, 0.5218 0.1587 0.3839, 0.5218 0.1587 0.3843, 0.5211 0.158 0.3839, 0.5211 0.158 0.3843, 0.5205 0.1576 0.3839, 0.5205 0.1576 0.3843, 0.5198 0.1573 0.3839, 0.5198 0.1573 0.3843, 0.519 0.1572 0.3839, 0.519 0.1572 0.3843, 0.5178 0.1574 0.3839, 0.5178 0.1574 0.3843, 0.5171 0.1576 0.3839, 0.5171 0.1576 0.3843, 0.5171 0.1546 0.3843, 0.5171 0.1546 0.3839, 0.5185 0.1544 0.3839, 0.5185 0.1544 0.3843, 0.5192 0.1544 0.3839, 0.5192 0.1544 0.3843, 0.5206 0.1545 0.3839, 0.5206 0.1545 0.3843, 0.5219 0.155 0.3839, 0.5219 0.155 0.3843, 0.5231 0.1558 0.3839, 0.5231 0.1558 0.3843, 0.5233 0.156 0.3839, 0.5233 0.156 0.3843, 0.5245 0.1575 0.3839, 0.5245 0.1575 0.3843, 0.5261 0.1605 0.3839, 0.5261 0.1605 0.3843, 0.5271 0.1631 0.3839, 0.5527 0.1664 0.3843, 0.5527 0.1633 0.3843, 0.5527 0.1664 0.3839, 0.5527 0.1633 0.3839, 0.5418 0.1664 0.3839, 0.5418 0.1664 0.3843, 0.5467 0.1664 0.3839, 0.5418 0.1754 0.3843, 0.5418 0.1754 0.3839, 0.5513 0.1754 0.3839, 0.5513 0.1754 0.3843, 0.5467 0.1754 0.3839, 0.5513 0.1784 0.3843, 0.5513 0.1784 0.3839, 0.5418 0.1784 0.3839, 0.5418 0.1784 0.3843, 0.5467 0.1784 0.3839, 0.5418 0.187 0.3843, 0.5418 0.1864 0.3839, 0.5418 0.187 0.3839, 0.5521 0.187 0.3839, 0.5521 0.187 0.3843, 0.5467 0.187 0.3839, 0.5521 0.19 0.3843, 0.5521 0.19 0.3839, 0.5383 0.19 0.3839, 0.5383 0.19 0.3843, 0.5467 0.19 0.3839, 0.5383 0.1633 0.3839, 0.5383 0.1633 0.3843, 0.5383 0.1864 0.3839, 0.5467 0.1633 0.3839, 0.5685 0.1866 0.3843, 0.5658 0.19 0.3843, 0.5652 0.187 0.3843, 0.5653 0.19 0.3843, 0.5611 0.187 0.3843, 0.5577 0.19 0.3843, 0.5611 0.1664 0.3843, 0.5577 0.1633 0.3843, 0.565 0.1664 0.3843, 0.565 0.1633 0.3843, 0.5682 0.1667 0.3843, 0.5695 0.1639 0.3843, 0.5705 0.1675 0.3843, 0.5726 0.1651 0.3843, 0.5723 0.1686 0.3843, 0.5754 0.1671 0.3843, 0.573 0.1692 0.3843, 0.5744 0.1709 0.3843, 0.5772 0.1692 0.3843, 0.5752 0.1729 0.3843, 0.5786 0.1719 0.3843, 0.5757 0.1754 0.3843, 0.5793 0.175 0.3843, 0.5758 0.1769 0.3843, 0.5794 0.177 0.3843, 0.5755 0.1799 0.3843, 0.5791 0.1802 0.3843, 0.5748 0.182 0.3843, 0.5782 0.1828 0.3843, 0.5738 0.1835 0.3843, 0.5766 0.1852 0.3843, 0.5729 0.1845 0.3843, 0.5754 0.1865 0.3843, 0.5709 0.1858 0.3843, 0.573 0.1882 0.3843, 0.5698 0.1895 0.3843, 0.565 0.1633 0.3839, 0.5577 0.1633 0.3839, 0.5695 0.1639 0.3839, 0.5726 0.1651 0.3839, 0.5754 0.1671 0.3839, 0.5772 0.1692 0.3839, 0.5786 0.1719 0.3839, 0.5793 0.175 0.3839, 0.5794 0.177 0.3839, 0.5754 0.1865 0.3839, 0.5755 0.1864 0.3839, 0.5766 0.1852 0.3839, 0.5782 0.1828 0.3839, 0.5791 0.1802 0.3839, 0.573 0.1882 0.3839, 0.5698 0.1895 0.3839, 0.5658 0.19 0.3839, 0.5653 0.19 0.3839, 0.5577 0.19 0.3839, 0.5577 0.1864 0.3839, 0.5652 0.187 0.3839, 0.5611 0.187 0.3839, 0.5611 0.1664 0.3839, 0.565 0.1664 0.3839, 0.573 0.1692 0.3839, 0.5723 0.1686 0.3839, 0.5705 0.1675 0.3839, 0.5682 0.1667 0.3839, 0.5758 0.1769 0.3839, 0.5757 0.1754 0.3839, 0.5752 0.1729 0.3839, 0.5744 0.1709 0.3839, 0.5729 0.1845 0.3839, 0.5738 0.1835 0.3839, 0.5748 0.182 0.3839, 0.5755 0.1799 0.3839, 0.5685 0.1866 0.3839, 0.5709 0.1858 0.3839
            ]
        }
        coordIndex [
            0,1,2,-1,3,4,2,-1,2,4,5,-1,2,5,0,-1,3,6,4,-1,4,6,7,-1,4,7,8,-1,9,8,10,-1,10,8,7,-1,9,10,11,-1,11,10,12,-1,13,14,15,-1,15,14,11,-1,15,11,16,-1,16,11,12,-1,14,13,17,-1,17,13,18,-1,18,19,17,-1,17,19,20,-1,17,20,21,-1,21,20,22,-1,21,22,23,-1,23,22,24,-1,23,24,25,-1,25,24,26,-1,25,26,27,-1,27,26,28,-1,27,28,29,-1,29,28,30,-1,29,30,31,-1,31,30,32,-1,31,32,33,-1,33,32,34,-1,33,34,35,-1,35,34,36,-1,35,36,37,-1,37,36,38,-1,37,38,39,-1,39,38,40,-1,39,40,41,-1,41,40,42,-1,41,42,43,-1,43,42,44,-1,43,44,45,-1,45,44,46,-1,45,46,47,-1,47,46,48,-1,47,48,49,-1,49,48,50,-1,49,50,51,-1,51,50,52,-1,51,52,53,-1,53,52,54,-1,53,54,55,-1,55,54,56,-1,55,56,57,-1,57,56,58,-1,57,58,59,-1,59,58,60,-1,59,60,61,-1,61,60,62,-1,61,62,63,-1,63,62,64,-1,63,64,65,-1,65,64,66,-1,65,66,67,-1,67,66,68,-1,67,68,69,-1,69,68,70,-1,69,70,71,-1,71,70,72,-1,71,72,73,-1,73,72,74,-1,73,74,75,-1,76,75,77,-1,77,75,74,-1,76,77,78,-1,76,78,79,-1,79,78,80,-1,79,80,81,-1,81,80,82,-1,81,82,83,-1,83,82,84,-1,83,84,85,-1,85,84,86,-1,85,86,87,-1,87,86,88,-1,88,86,89,-1,89,90,88,-1,88,90,91,-1,88,91,92,-1,92,91,93,-1,92,93,94,-1,94,93,95,-1,94,95,96,-1,96,95,97,-1,96,97,98,-1,98,97,99,-1,98,99,100,-1,100,99,101,-1,100,101,102,-1,103,104,105,-1,102,101,106,-1,102,106,107,-1,107,106,108,-1,107,108,105,-1,105,108,109,-1,105,109,103,-1,104,103,110,-1,104,110,111,-1,111,110,112,-1,111,112,113,-1,113,112,114,-1,113,114,115,-1,115,114,116,-1,115,116,117,-1,117,116,118,-1,117,118,119,-1,119,118,120,-1,119,120,121,-1,121,120,122,-1,121,122,123,-1,123,122,124,-1,123,124,125,-1,125,124,126,-1,125,126,127,-1,127,126,128,-1,127,128,129,-1,129,128,130,-1,129,130,131,-1,131,130,132,-1,131,132,133,-1,133,132,134,-1,133,134,135,-1,135,134,1,-1,135,1,0,-1,61,63,85,-1,85,63,83,-1,111,43,104,-1,104,43,45,-1,21,23,127,-1,127,23,25,-1,127,25,125,-1,125,25,27,-1,125,27,123,-1,123,27,29,-1,123,29,121,-1,121,29,31,-1,121,31,119,-1,119,31,33,-1,119,33,117,-1,117,33,35,-1,117,35,115,-1,115,35,37,-1,115,37,113,-1,113,37,39,-1,113,39,111,-1,111,39,41,-1,111,41,43,-1,14,0,11,-1,11,0,5,-1,11,5,9,-1,9,5,4,-1,9,4,8,-1,63,65,83,-1,83,65,67,-1,83,67,81,-1,81,67,69,-1,81,69,79,-1,79,69,71,-1,79,71,76,-1,76,71,73,-1,76,73,75,-1,127,129,21,-1,21,129,131,-1,21,131,17,-1,17,131,133,-1,17,133,14,-1,14,133,135,-1,14,135,0,-1,85,87,61,-1,61,87,88,-1,61,88,59,-1,59,88,92,-1,59,92,57,-1,57,92,94,-1,57,94,55,-1,55,94,96,-1,55,96,53,-1,53,96,98,-1,53,98,51,-1,51,98,100,-1,51,100,49,-1,49,100,102,-1,49,102,47,-1,47,102,107,-1,47,107,45,-1,45,107,105,-1,45,105,104,-1,136,137,138,-1,138,137,139,-1,140,136,141,-1,141,136,138,-1,140,141,142,-1,140,142,143,-1,143,142,144,-1,143,144,145,-1,146,145,147,-1,147,145,144,-1,148,146,149,-1,149,146,147,-1,150,148,151,-1,151,148,149,-1,152,150,153,-1,153,150,151,-1,154,152,155,-1,155,152,153,-1,156,157,158,-1,158,157,154,-1,158,154,155,-1,157,156,159,-1,157,159,160,-1,160,159,161,-1,160,161,162,-1,162,161,163,-1,162,163,164,-1,164,163,165,-1,164,165,166,-1,166,165,167,-1,166,167,168,-1,168,167,169,-1,168,169,170,-1,170,169,171,-1,170,171,172,-1,173,172,174,-1,174,172,171,-1,173,174,175,-1,173,175,176,-1,176,175,177,-1,176,177,178,-1,178,177,179,-1,178,179,180,-1,180,179,181,-1,180,181,182,-1,182,181,183,-1,182,183,184,-1,184,183,185,-1,184,185,186,-1,186,185,187,-1,186,187,188,-1,188,187,189,-1,188,189,190,-1,139,137,191,-1,191,137,190,-1,191,190,189,-1,143,145,190,-1,137,136,190,-1,190,136,140,-1,190,140,143,-1,150,152,148,-1,148,152,154,-1,148,154,146,-1,188,160,186,-1,186,160,162,-1,172,173,170,-1,170,173,176,-1,170,176,168,-1,168,176,178,-1,168,178,166,-1,166,178,180,-1,166,180,164,-1,164,180,182,-1,164,182,162,-1,162,182,184,-1,162,184,186,-1,145,146,190,-1,190,146,154,-1,190,154,188,-1,188,154,157,-1,188,157,160,-1,192,193,194,-1,194,193,195,-1,196,197,198,-1,198,197,192,-1,198,192,194,-1,199,197,200,-1,200,197,196,-1,201,202,203,-1,203,202,199,-1,203,199,200,-1,204,202,205,-1,205,202,201,-1,206,207,208,-1,208,207,204,-1,208,204,205,-1,207,206,209,-1,209,206,210,-1,209,210,211,-1,212,213,214,-1,214,213,209,-1,214,209,211,-1,215,213,216,-1,216,213,212,-1,217,218,219,-1,219,218,215,-1,219,215,216,-1,220,221,222,-1,222,221,218,-1,222,218,217,-1,195,193,223,-1,223,193,221,-1,223,221,220,-1,221,193,192,-1,192,197,221,-1,221,197,199,-1,221,199,218,-1,213,215,209,-1,209,215,218,-1,209,218,207,-1,207,218,199,-1,207,199,204,-1,204,199,202,-1,224,225,226,-1,226,225,227,-1,226,227,228,-1,228,227,229,-1,228,229,230,-1,230,229,231,-1,230,231,232,-1,232,231,233,-1,232,233,234,-1,234,233,235,-1,234,235,236,-1,236,235,237,-1,236,237,238,-1,238,237,239,-1,238,239,240,-1,240,239,241,-1,241,239,242,-1,241,242,243,-1,243,242,244,-1,243,244,245,-1,245,244,246,-1,245,246,247,-1,247,246,248,-1,247,248,249,-1,249,248,250,-1,249,250,251,-1,251,250,252,-1,251,252,253,-1,253,252,254,-1,253,254,255,-1,255,254,256,-1,255,256,257,-1,257,256,258,-1,257,258,224,-1,224,258,259,-1,224,259,225,-1,233,231,260,-1,260,231,261,-1,233,260,262,-1,233,262,235,-1,235,262,263,-1,235,263,237,-1,237,263,264,-1,237,264,239,-1,239,264,265,-1,239,265,242,-1,242,265,266,-1,242,266,244,-1,244,266,267,-1,244,267,246,-1,246,267,268,-1,246,268,248,-1,269,256,270,-1,270,256,254,-1,270,254,271,-1,271,254,252,-1,271,252,272,-1,272,252,250,-1,272,250,273,-1,273,250,248,-1,273,248,268,-1,256,269,274,-1,256,274,258,-1,258,274,275,-1,258,275,259,-1,259,275,276,-1,259,276,225,-1,225,276,277,-1,225,277,227,-1,229,227,278,-1,278,227,277,-1,261,231,279,-1,279,231,229,-1,279,229,278,-1,226,228,280,-1,280,228,281,-1,228,230,281,-1,281,230,282,-1,230,232,282,-1,282,232,283,-1,240,284,285,-1,240,285,238,-1,238,285,286,-1,238,286,236,-1,236,286,287,-1,236,287,234,-1,234,287,283,-1,234,283,232,-1,247,288,289,-1,247,289,245,-1,245,289,290,-1,245,290,243,-1,243,290,291,-1,243,291,241,-1,241,291,284,-1,241,284,240,-1,255,292,293,-1,255,293,253,-1,253,293,294,-1,253,294,251,-1,251,294,295,-1,251,295,249,-1,249,295,288,-1,249,288,247,-1,226,280,296,-1,226,296,224,-1,224,296,297,-1,224,297,257,-1,257,297,292,-1,257,292,255,-1,
        ]
    }
}
Shape{
    appearance Appearance {
        material  Material 	{
            diffuseColor 0.25098039215686274 0.25098039215686274 0.25098039215686274
            specularColor 0.25098039215686274 0.25098039215686274 0.25098039215686274
            ambientIntensity 0.251
            transparency 0.0
            shininess 0.5
        }
    }
    geometry IndexedFaceSet {
        ccw TRUE
        solid FALSE
        coord DEF co Coordinate {
            point [
                0.5611 0.187 0.3839, 0.5611 0.1664 0.3839, 0.5652 0.187 0.3839, 0.565 0.1664 0.3839, 0.5682 0.1667 0.3839, 0.5705 0.1675 0.3839, 0.5723 0.1686 0.3839, 0.573 0.1692 0.3839, 0.5744 0.1709 0.3839, 0.5752 0.1729 0.3839, 0.5757 0.1754 0.3839, 0.5758 0.1769 0.3839, 0.5755 0.1799 0.3839, 0.5748 0.182 0.3839, 0.5738 0.1835 0.3839, 0.5729 0.1845 0.3839, 0.5685 0.1866 0.3839, 0.5709 0.1858 0.3839
            ]
        }
        coordIndex [
            0,1,2,-1,2,1,3,-1,2,3,4,-1,4,5,2,-1,2,5,6,-1,2,6,7,-1,7,8,2,-1,2,8,9,-1,2,9,10,-1,10,11,2,-1,2,11,12,-1,2,12,13,-1,13,14,2,-1,2,14,15,-1,2,15,16,-1,16,15,17,-1,
        ]
    }
}
Shape{
    appearance Appearance {
        material  Material 	{
            diffuseColor 1.0 1.0 1.0
            specularColor 0.5019607843137255 0.5019607843137255 0.5019607843137255
            ambientIntensity 1.0
            transparency 0.0
            shininess 0.5
        }
    }
    geometry IndexedFaceSet {
        ccw TRUE
        solid FALSE
        coord DEF co Coordinate {
            point [
                0.5884 0.1737 0.3843, 0.5873 0.1706 0.3843, 0.5973 0.1737 0.3843, 0.5984 0.1706 0.3843, 0.5924 0.1848 0.3843, 0.5911 0.19 0.3843, 0.5809 0.1633 0.3843, 0.5847 0.1633 0.3843, 0.5926 0.1855 0.3843, 0.5928 0.1866 0.3843, 0.5948 0.19 0.3843, 0.5929 0.1866 0.3843, 0.5931 0.1855 0.3843, 0.5933 0.1848 0.3843, 0.6049 0.1633 0.3843, 0.6011 0.1633 0.3843, 0.5948 0.19 0.3839, 0.5961 0.1864 0.3839, 0.6049 0.1633 0.3839, 0.5911 0.19 0.3839, 0.5809 0.1633 0.3839, 0.5897 0.1864 0.3839, 0.5847 0.1633 0.3839, 0.5873 0.1706 0.3839, 0.5984 0.1706 0.3839, 0.6011 0.1633 0.3839, 0.5884 0.1737 0.3839, 0.5973 0.1737 0.3839, 0.5933 0.1848 0.3839, 0.5929 0.1866 0.3839, 0.5931 0.1855 0.3839, 0.5928 0.1866 0.3839, 0.5924 0.1848 0.3839, 0.5926 0.1855 0.3839
            ]
        }
        coordIndex [
            0,1,2,-1,2,1,3,-1,4,5,0,-1,0,5,6,-1,0,6,1,-1,1,6,7,-1,4,8,5,-1,5,8,9,-1,5,9,10,-1,10,9,11,-1,10,11,12,-1,12,13,10,-1,10,13,2,-1,10,2,14,-1,14,2,3,-1,14,3,15,-1,16,10,17,-1,17,10,14,-1,17,14,18,-1,5,10,19,-1,19,10,16,-1,20,6,21,-1,21,6,5,-1,21,5,19,-1,7,6,22,-1,22,6,20,-1,1,7,23,-1,23,7,22,-1,3,1,24,-1,24,1,23,-1,15,3,25,-1,25,3,24,-1,14,15,18,-1,18,15,25,-1,0,2,26,-1,26,2,27,-1,2,13,27,-1,27,13,28,-1,11,29,30,-1,11,30,12,-1,12,30,28,-1,12,28,13,-1,11,9,29,-1,29,9,31,-1,4,32,33,-1,4,33,8,-1,8,33,31,-1,8,31,9,-1,4,0,32,-1,32,0,26,-1,
        ]
    }
}
Shape{
    appearance Appearance {
        material  Material 	{
            diffuseColor 0.25098039215686274 0.25098039215686274 0.25098039215686274
            specularColor 0.25098039215686274 0.25098039215686274 0.25098039215686274
            ambientIntensity 0.251
            transparency 0.0
            shininess 0.5
        }
    }
    geometry IndexedFaceSet {
        ccw TRUE
        solid FALSE
        coord DEF co Coordinate {
            point [
                0.5929 0.1866 0.3839, 0.5928 0.1866 0.3839, 0.5931 0.1855 0.3839, 0.5926 0.1855 0.3839, 0.5933 0.1848 0.3839, 0.5924 0.1848 0.3839, 0.5973 0.1737 0.3839, 0.5884 0.1737 0.3839
            ]
        }
        coordIndex [
            0,1,2,-1,2,1,3,-1,2,3,4,-1,4,3,5,-1,4,5,6,-1,6,5,7,-1,
        ]
    }
}
Shape{
    appearance Appearance {
        material  Material 	{
            diffuseColor 1.0 1.0 1.0
            specularColor 0.5019607843137255 0.5019607843137255 0.5019607843137255
            ambientIntensity 1.0
            transparency 0.0
            shininess 0.5
        }
    }
    geometry IndexedFaceSet {
        ccw TRUE
        solid FALSE
        coord DEF co Coordinate {
            point [
                0.3465 0.1595 0.3843, 0.3493 0.1561 0.3843, 0.3448 0.1763 0.3843, 0.3816 0.1716 0.3843, 0.4082 0.1856 0.3843, 0.3698 0.1704 0.3843, 0.3694 0.1722 0.3843, 0.3415 0.2093 0.3843, 0.3457 0.2116 0.3843, 0.3447 0.2232 0.3843, 0.3769 0.1824 0.3843, 0.3625 0.1769 0.3843, 0.364 0.1767 0.3843, 0.3566 0.2238 0.3843, 0.3625 0.2099 0.3843, 0.3654 0.2159 0.3843, 0.3658 0.1761 0.3843, 0.3673 0.1751 0.3843, 0.3685 0.1737 0.3843, 0.3407 0.1789 0.3843, 0.3422 0.1643 0.3843, 0.3446 0.1636 0.3843, 0.3522 0.2242 0.3843, 0.4023 0.1957 0.3843, 0.3816 0.1697 0.3843, 0.3698 0.1687 0.3843, 0.3815 0.1677 0.3843, 0.3606 0.1767 0.3843, 0.3581 0.1883 0.3843, 0.3589 0.176 0.3843, 0.3539 0.1867 0.3843, 0.3575 0.175 0.3843, 0.35 0.184 0.3843, 0.3567 0.1742 0.3843, 0.3469 0.1804 0.3843, 0.3557 0.1726 0.3843, 0.3552 0.1708 0.3843, 0.3551 0.169 0.3843, 0.3695 0.1876 0.3843, 0.3649 0.1887 0.3843, 0.3626 0.1889 0.3843, 0.4144 0.2044 0.3843, 0.416 0.2044 0.3843, 0.4237 0.2147 0.3843, 0.4196 0.204 0.3843, 0.4247 0.2144 0.3843, 0.4229 0.2027 0.3843, 0.4303 0.2116 0.3843, 0.4355 0.2072 0.3843, 0.3605 0.2283 0.3843, 0.3696 0.221 0.3843, 0.3649 0.2321 0.3843, 0.3747 0.2247 0.3843, 0.3696 0.235 0.3843, 0.3504 0.2127 0.3843, 0.3524 0.2128 0.3843, 0.3544 0.224 0.3843, 0.3569 0.2122 0.3843, 0.3611 0.2107 0.3843, 0.4355 0.1718 0.3843, 0.4267 0.1793 0.3843, 0.4304 0.1674 0.3843, 0.4239 0.177 0.3843, 0.4246 0.1646 0.3843, 0.4205 0.1755 0.3843, 0.4182 0.1632 0.3843, 0.4171 0.1748 0.3843, 0.407 0.1632 0.3843, 0.4086 0.1748 0.3843, 0.406 0.1634 0.3843, 0.3736 0.1854 0.3843, 0.4258 0.2006 0.3843, 0.428 0.1982 0.3843, 0.4393 0.2018 0.3843, 0.4298 0.195 0.3843, 0.4417 0.196 0.3843, 0.4307 0.1913 0.3843, 0.4425 0.1898 0.3843, 0.4308 0.1896 0.3843, 0.4417 0.1831 0.3843, 0.4303 0.1859 0.3843, 0.4393 0.177 0.3843, 0.429 0.1825 0.3843, 0.4269 0.1796 0.3843, 0.4135 0.2297 0.3843, 0.4061 0.221 0.3843, 0.4198 0.2224 0.3843, 0.4103 0.2159 0.3843, 0.4133 0.2097 0.3843, 0.334 0.1984 0.3843, 0.3215 0.1952 0.3843, 0.3334 0.1938 0.3843, 0.3215 0.1934 0.3843, 0.3336 0.1908 0.3843, 0.3224 0.186 0.3843, 0.335 0.1862 0.3843, 0.3251 0.1789 0.3843, 0.3373 0.1824 0.3843, 0.3294 0.1727 0.3843, 0.3354 0.1677 0.3843, 0.3554 0.1672 0.3843, 0.3562 0.1656 0.3843, 0.3783 0.2384 0.3843, 0.3809 0.2272 0.3843, 0.3877 0.2395 0.3843, 0.3879 0.2281 0.3843, 0.3955 0.2387 0.3843, 0.3943 0.2274 0.3843, 0.405 0.2354 0.3843, 0.4003 0.2251 0.3843, 0.4056 0.2214 0.3843, 0.3377 0.2205 0.3843, 0.3317 0.2163 0.3843, 0.3382 0.2064 0.3843, 0.3304 0.2151 0.3843, 0.3356 0.2026 0.3843, 0.3258 0.2092 0.3843, 0.3228 0.2024 0.3843, 0.3804 0.163 0.3843, 0.3694 0.1668 0.3843, 0.3781 0.1588 0.3843, 0.3685 0.1652 0.3843, 0.3753 0.1556 0.3843, 0.3674 0.164 0.3843, 0.3715 0.1529 0.3843, 0.366 0.163 0.3843, 0.3672 0.1513 0.3843, 0.3644 0.1624 0.3843, 0.3626 0.1507 0.3843, 0.3625 0.1621 0.3843, 0.3619 0.1507 0.3843, 0.3621 0.1621 0.3843, 0.3574 0.1514 0.3843, 0.3604 0.1624 0.3843, 0.3531 0.1533 0.3843, 0.3587 0.1631 0.3843, 0.3573 0.1642 0.3843, 0.4076 0.175 0.3843, 0.403 0.1652 0.3843, 0.4035 0.1648 0.3843, 0.4082 0.1749 0.3843, 0.4047 0.1639 0.3843, 0.4015 0.1691 0.3843, 0.4017 0.1677 0.3843, 0.4022 0.1664 0.3843, 0.406 0.1748 0.3843, 0.4047 0.1743 0.3843, 0.4016 0.1699 0.3843, 0.4035 0.1735 0.3843, 0.4027 0.1726 0.3843, 0.402 0.1713 0.3843, 0.4074 0.175 0.3843, 0.4425 0.1898 0.3839, 0.4417 0.196 0.3839, 0.4393 0.2018 0.3839, 0.4367 0.2055 0.3839, 0.4355 0.2072 0.3839, 0.4303 0.2116 0.3839, 0.4247 0.2144 0.3839, 0.4237 0.2147 0.3839, 0.4198 0.2224 0.3839, 0.4135 0.2297 0.3839, 0.4091 0.2326 0.3839, 0.405 0.2354 0.3839, 0.3955 0.2387 0.3839, 0.3877 0.2395 0.3839, 0.3783 0.2384 0.3839, 0.3696 0.235 0.3839, 0.3657 0.2326 0.3839, 0.3649 0.2321 0.3839, 0.3605 0.2283 0.3839, 0.3566 0.2238 0.3839, 0.3544 0.224 0.3839, 0.3522 0.2242 0.3839, 0.3447 0.2232 0.3839, 0.3377 0.2205 0.3839, 0.3317 0.2163 0.3839, 0.3304 0.2151 0.3839, 0.3258 0.2092 0.3839, 0.3242 0.2055 0.3839, 0.3228 0.2024 0.3839, 0.3215 0.1952 0.3839, 0.3215 0.1934 0.3839, 0.3223 0.1864 0.3839, 0.3224 0.186 0.3839, 0.3251 0.1789 0.3839, 0.3294 0.1727 0.3839, 0.3354 0.1677 0.3839, 0.3422 0.1643 0.3839, 0.3446 0.1636 0.3839, 0.3449 0.1631 0.3839, 0.3465 0.1595 0.3839, 0.3493 0.1561 0.3839, 0.3531 0.1533 0.3839, 0.3548 0.1525 0.3839, 0.3574 0.1514 0.3839, 0.3619 0.1507 0.3839, 0.3626 0.1507 0.3839, 0.3816 0.1697 0.3839, 0.3672 0.1513 0.3839, 0.3705 0.1525 0.3839, 0.3715 0.1529 0.3839, 0.3753 0.1556 0.3839, 0.3781 0.1588 0.3839, 0.3804 0.163 0.3839, 0.3804 0.1631 0.3839, 0.3815 0.1677 0.3839, 0.3816 0.1716 0.3839, 0.4082 0.1856 0.3839, 0.4023 0.1957 0.3839, 0.4077 0.1864 0.3839, 0.3769 0.1824 0.3839, 0.3846 0.1864 0.3839, 0.3736 0.1854 0.3839, 0.3717 0.1864 0.3839, 0.3695 0.1876 0.3839, 0.3649 0.1887 0.3839, 0.3626 0.1889 0.3839, 0.3581 0.1883 0.3839, 0.3539 0.1867 0.3839, 0.3535 0.1864 0.3839, 0.35 0.184 0.3839, 0.3469 0.1804 0.3839, 0.3448 0.1763 0.3839, 0.3334 0.1938 0.3839, 0.3407 0.1789 0.3839, 0.3373 0.1824 0.3839, 0.335 0.1862 0.3839, 0.3349 0.1864 0.3839, 0.3336 0.1908 0.3839, 0.3356 0.2026 0.3839, 0.334 0.1984 0.3839, 0.3376 0.2055 0.3839, 0.3382 0.2064 0.3839, 0.3415 0.2093 0.3839, 0.3457 0.2116 0.3839, 0.3504 0.2127 0.3839, 0.3524 0.2128 0.3839, 0.3569 0.2122 0.3839, 0.3611 0.2107 0.3839, 0.3625 0.2099 0.3839, 0.3654 0.2159 0.3839, 0.3696 0.221 0.3839, 0.3747 0.2247 0.3839, 0.3809 0.2272 0.3839, 0.3879 0.2281 0.3839, 0.3943 0.2274 0.3839, 0.4003 0.2251 0.3839, 0.4056 0.2214 0.3839, 0.4061 0.221 0.3839, 0.4103 0.2159 0.3839, 0.4133 0.2097 0.3839, 0.4142 0.2055 0.3839, 0.4144 0.2044 0.3839, 0.416 0.2044 0.3839, 0.4196 0.204 0.3839, 0.4229 0.2027 0.3839, 0.4258 0.2006 0.3839, 0.428 0.1982 0.3839, 0.4298 0.195 0.3839, 0.4307 0.1913 0.3839, 0.4308 0.1896 0.3839, 0.4304 0.1864 0.3839, 0.4303 0.1859 0.3839, 0.429 0.1825 0.3839, 0.4269 0.1796 0.3839, 0.4267 0.1793 0.3839, 0.4239 0.177 0.3839, 0.4205 0.1755 0.3839, 0.4171 0.1748 0.3839, 0.4086 0.1748 0.3839, 0.4082 0.1749 0.3839, 0.4076 0.175 0.3839, 0.4074 0.175 0.3839, 0.406 0.1748 0.3839, 0.4047 0.1743 0.3839, 0.4035 0.1735 0.3839, 0.4027 0.1726 0.3839, 0.402 0.1713 0.3839, 0.4016 0.1699 0.3839, 0.4015 0.1691 0.3839, 0.4017 0.1677 0.3839, 0.4022 0.1664 0.3839, 0.403 0.1652 0.3839, 0.4035 0.1648 0.3839, 0.4047 0.1639 0.3839, 0.406 0.1634 0.3839, 0.407 0.1632 0.3839, 0.4182 0.1632 0.3839, 0.4246 0.1646 0.3839, 0.4304 0.1674 0.3839, 0.4355 0.1718 0.3839, 0.4421 0.1864 0.3839, 0.4417 0.1831 0.3839, 0.4393 0.177 0.3839, 0.3625 0.1769 0.3839, 0.364 0.1767 0.3839, 0.3658 0.1761 0.3839, 0.3673 0.1751 0.3839, 0.3685 0.1737 0.3839, 0.3694 0.1722 0.3839, 0.3698 0.1704 0.3839, 0.3698 0.1687 0.3839, 0.3694 0.1668 0.3839, 0.3685 0.1652 0.3839, 0.3674 0.164 0.3839, 0.366 0.163 0.3839, 0.3644 0.1624 0.3839, 0.3625 0.1621 0.3839, 0.3621 0.1621 0.3839, 0.3604 0.1624 0.3839, 0.3587 0.1631 0.3839, 0.3573 0.1642 0.3839, 0.3562 0.1656 0.3839, 0.3554 0.1672 0.3839, 0.3551 0.169 0.3839, 0.3552 0.1708 0.3839, 0.3557 0.1726 0.3839, 0.3567 0.1742 0.3839, 0.3575 0.175 0.3839, 0.3589 0.176 0.3839, 0.3606 0.1767 0.3839
            ]
        }
        coordIndex [
            0,1,2,-1,3,4,5,-1,5,4,6,-1,7,8,9,-1,10,11,12,-1,13,14,15,-1,12,16,10,-1,10,16,17,-1,10,17,18,-1,19,20,2,-1,2,20,21,-1,2,21,0,-1,9,8,22,-1,6,4,18,-1,18,4,23,-1,18,23,10,-1,3,5,24,-1,24,5,25,-1,24,25,26,-1,27,28,29,-1,29,28,30,-1,29,30,31,-1,31,30,32,-1,31,32,33,-1,33,32,34,-1,33,34,35,-1,35,34,2,-1,35,2,36,-1,36,2,37,-1,38,39,27,-1,27,39,40,-1,27,40,28,-1,41,42,43,-1,43,42,44,-1,43,44,45,-1,45,44,46,-1,45,46,47,-1,47,46,48,-1,13,15,49,-1,49,15,50,-1,49,50,51,-1,51,50,52,-1,51,52,53,-1,8,54,22,-1,22,54,55,-1,22,55,56,-1,56,55,57,-1,56,57,13,-1,13,57,58,-1,13,58,14,-1,59,60,61,-1,61,60,62,-1,61,62,63,-1,63,62,64,-1,63,64,65,-1,65,64,66,-1,65,66,67,-1,67,66,68,-1,67,68,69,-1,11,10,27,-1,27,10,70,-1,27,70,38,-1,46,71,48,-1,48,71,72,-1,48,72,73,-1,73,72,74,-1,73,74,75,-1,75,74,76,-1,75,76,77,-1,77,76,78,-1,77,78,79,-1,79,78,80,-1,79,80,81,-1,81,80,82,-1,81,82,59,-1,59,82,83,-1,59,83,60,-1,84,85,86,-1,86,85,87,-1,86,87,43,-1,43,87,88,-1,43,88,41,-1,89,90,91,-1,91,90,92,-1,91,92,93,-1,93,92,94,-1,93,94,95,-1,95,94,96,-1,95,96,97,-1,97,96,98,-1,97,98,19,-1,19,98,99,-1,19,99,20,-1,37,2,100,-1,100,2,1,-1,100,1,101,-1,53,52,102,-1,102,52,103,-1,102,103,104,-1,104,103,105,-1,104,105,106,-1,106,105,107,-1,106,107,108,-1,108,107,109,-1,108,109,84,-1,84,109,110,-1,84,110,85,-1,9,111,7,-1,7,111,112,-1,7,112,113,-1,113,112,114,-1,113,114,115,-1,115,114,116,-1,115,116,89,-1,89,116,117,-1,89,117,90,-1,26,25,118,-1,118,25,119,-1,118,119,120,-1,120,119,121,-1,120,121,122,-1,122,121,123,-1,122,123,124,-1,124,123,125,-1,124,125,126,-1,126,125,127,-1,126,127,128,-1,128,127,129,-1,128,129,130,-1,130,129,131,-1,130,131,132,-1,132,131,133,-1,132,133,134,-1,134,133,135,-1,134,135,1,-1,1,135,136,-1,1,136,101,-1,137,138,139,-1,68,140,69,-1,69,140,137,-1,69,137,141,-1,141,137,139,-1,142,143,137,-1,137,143,144,-1,137,144,138,-1,145,146,147,-1,146,148,147,-1,147,148,149,-1,147,149,150,-1,142,137,147,-1,147,137,151,-1,147,151,145,-1,77,152,153,-1,77,153,75,-1,75,153,154,-1,75,154,73,-1,73,154,155,-1,73,155,48,-1,155,156,48,-1,48,156,157,-1,48,157,47,-1,47,157,158,-1,47,158,45,-1,45,158,159,-1,45,159,43,-1,43,159,160,-1,43,160,86,-1,86,160,161,-1,86,161,84,-1,108,84,162,-1,162,84,161,-1,162,163,108,-1,108,163,164,-1,108,164,106,-1,106,164,165,-1,106,165,104,-1,104,165,166,-1,104,166,102,-1,102,166,167,-1,102,167,53,-1,53,167,51,-1,51,167,168,-1,51,168,169,-1,51,169,170,-1,51,170,49,-1,49,170,171,-1,49,171,13,-1,13,171,172,-1,13,172,56,-1,56,172,173,-1,56,173,22,-1,22,173,174,-1,22,174,9,-1,9,174,175,-1,9,175,111,-1,111,175,176,-1,111,176,112,-1,112,176,177,-1,112,177,114,-1,114,177,178,-1,114,178,116,-1,116,178,179,-1,116,179,117,-1,179,180,117,-1,117,180,181,-1,117,181,90,-1,90,181,182,-1,90,182,92,-1,92,182,94,-1,94,182,183,-1,183,184,94,-1,94,184,185,-1,94,185,96,-1,96,185,186,-1,96,186,98,-1,98,186,187,-1,98,187,99,-1,99,187,188,-1,99,188,20,-1,20,188,189,-1,20,189,21,-1,21,189,190,-1,21,190,0,-1,190,191,0,-1,0,191,192,-1,0,192,1,-1,1,192,193,-1,1,193,134,-1,134,193,194,-1,134,194,132,-1,194,195,132,-1,132,195,196,-1,132,196,130,-1,130,196,197,-1,130,197,128,-1,198,24,26,-1,128,197,199,-1,200,124,199,-1,199,124,126,-1,199,126,128,-1,200,201,124,-1,124,201,202,-1,124,202,122,-1,122,202,203,-1,122,203,120,-1,120,203,204,-1,120,204,118,-1,118,204,205,-1,118,205,26,-1,26,205,206,-1,26,206,198,-1,3,24,207,-1,207,24,198,-1,4,3,208,-1,208,3,207,-1,209,23,210,-1,210,23,4,-1,210,4,208,-1,211,10,212,-1,212,10,23,-1,212,23,209,-1,10,211,213,-1,10,213,70,-1,70,213,214,-1,70,214,38,-1,214,215,38,-1,38,215,216,-1,38,216,39,-1,39,216,217,-1,39,217,40,-1,40,217,218,-1,40,218,28,-1,28,218,219,-1,28,219,30,-1,30,219,220,-1,30,220,32,-1,220,221,32,-1,32,221,222,-1,32,222,34,-1,34,222,223,-1,34,223,2,-1,224,91,93,-1,2,223,225,-1,2,225,19,-1,19,225,226,-1,19,226,97,-1,97,226,227,-1,97,227,95,-1,95,227,228,-1,95,228,93,-1,93,228,229,-1,93,229,224,-1,230,89,231,-1,231,89,91,-1,231,91,224,-1,232,113,230,-1,230,113,115,-1,230,115,89,-1,232,233,113,-1,113,233,234,-1,113,234,7,-1,7,234,235,-1,7,235,8,-1,8,235,236,-1,8,236,54,-1,54,236,237,-1,54,237,55,-1,55,237,238,-1,55,238,57,-1,57,238,239,-1,57,239,58,-1,58,239,240,-1,58,240,14,-1,14,240,241,-1,14,241,15,-1,15,241,242,-1,15,242,50,-1,50,242,243,-1,50,243,52,-1,52,243,244,-1,52,244,103,-1,103,244,245,-1,103,245,105,-1,105,245,246,-1,105,246,107,-1,107,246,247,-1,107,247,109,-1,109,247,248,-1,109,248,110,-1,110,248,249,-1,110,249,85,-1,85,249,250,-1,85,250,87,-1,87,250,251,-1,87,251,88,-1,88,251,41,-1,41,251,252,-1,41,252,253,-1,42,41,254,-1,254,41,253,-1,42,254,255,-1,42,255,44,-1,44,255,256,-1,44,256,46,-1,46,256,257,-1,46,257,71,-1,71,257,258,-1,71,258,72,-1,72,258,259,-1,72,259,74,-1,74,259,260,-1,74,260,76,-1,76,260,261,-1,76,261,78,-1,78,261,80,-1,80,261,262,-1,262,263,80,-1,80,263,264,-1,80,264,82,-1,82,264,265,-1,82,265,83,-1,83,265,266,-1,83,266,60,-1,60,266,267,-1,60,267,62,-1,62,267,268,-1,62,268,64,-1,64,268,269,-1,64,269,66,-1,68,66,270,-1,270,66,269,-1,68,270,271,-1,68,271,140,-1,140,271,272,-1,140,272,137,-1,137,272,273,-1,137,273,151,-1,151,273,274,-1,151,274,145,-1,145,274,275,-1,145,275,146,-1,146,275,276,-1,146,276,148,-1,148,276,277,-1,148,277,149,-1,149,277,278,-1,149,278,150,-1,150,278,279,-1,150,279,147,-1,147,279,280,-1,147,280,142,-1,142,280,281,-1,142,281,143,-1,143,281,282,-1,143,282,144,-1,144,282,283,-1,144,283,138,-1,138,283,284,-1,138,284,139,-1,139,284,285,-1,139,285,141,-1,141,285,286,-1,141,286,69,-1,69,286,287,-1,69,287,67,-1,65,67,288,-1,288,67,287,-1,65,288,289,-1,65,289,63,-1,63,289,290,-1,63,290,61,-1,61,290,291,-1,61,291,59,-1,152,77,292,-1,292,77,79,-1,292,79,293,-1,293,79,81,-1,293,81,294,-1,294,81,59,-1,294,59,291,-1,11,295,296,-1,11,296,12,-1,12,296,297,-1,12,297,16,-1,16,297,298,-1,16,298,17,-1,17,298,299,-1,17,299,18,-1,18,299,300,-1,18,300,6,-1,6,300,301,-1,6,301,5,-1,5,301,302,-1,5,302,25,-1,25,302,303,-1,25,303,119,-1,119,303,304,-1,119,304,121,-1,121,304,305,-1,121,305,123,-1,123,305,306,-1,123,306,125,-1,125,306,307,-1,125,307,127,-1,127,307,308,-1,127,308,129,-1,129,308,309,-1,129,309,131,-1,131,309,310,-1,131,310,133,-1,133,310,311,-1,133,311,135,-1,135,311,312,-1,135,312,136,-1,136,312,313,-1,136,313,101,-1,101,313,314,-1,101,314,100,-1,100,314,315,-1,100,315,37,-1,37,315,316,-1,37,316,36,-1,36,316,317,-1,36,317,35,-1,35,317,318,-1,35,318,33,-1,33,318,319,-1,33,319,31,-1,31,319,320,-1,31,320,29,-1,29,320,321,-1,29,321,27,-1,27,321,295,-1,27,295,11,-1,
        ]
    }
}
Shape{
    appearance Appearance {
        material  Material 	{
            diffuseColor 0.25098039215686274 0.25098039215686274 0.25098039215686274
            specularColor 0.25098039215686274 0.25098039215686274 0.25098039215686274
            ambientIntensity 0.251
            transparency 0.0
            shininess 0.5
        }
    }
    geometry IndexedFaceSet {
        ccw TRUE
        solid FALSE
        coord DEF co Coordinate {
            point [
                0.3621 0.1621 0.3839, 0.3575 0.175 0.3839, 0.3567 0.1742 0.3839, 0.3644 0.1624 0.3839, 0.366 0.163 0.3839, 0.364 0.1767 0.3839, 0.3625 0.1769 0.3839, 0.3606 0.1767 0.3839, 0.3589 0.176 0.3839, 0.3554 0.1672 0.3839, 0.3562 0.1656 0.3839, 0.3573 0.1642 0.3839, 0.3625 0.1621 0.3839, 0.3557 0.1726 0.3839, 0.3552 0.1708 0.3839, 0.3551 0.169 0.3839, 0.3587 0.1631 0.3839, 0.3604 0.1624 0.3839, 0.3674 0.164 0.3839, 0.3685 0.1652 0.3839, 0.3694 0.1668 0.3839, 0.3698 0.1687 0.3839, 0.3698 0.1704 0.3839, 0.3694 0.1722 0.3839, 0.3685 0.1737 0.3839, 0.3673 0.1751 0.3839, 0.3658 0.1761 0.3839
            ]
        }
        coordIndex [
            0,1,2,-1,3,4,5,-1,6,7,0,-1,0,7,8,-1,0,8,1,-1,9,10,2,-1,2,10,11,-1,6,0,5,-1,5,0,12,-1,5,12,3,-1,13,14,2,-1,2,14,15,-1,2,15,9,-1,11,16,2,-1,2,16,17,-1,2,17,0,-1,4,18,5,-1,5,18,19,-1,5,19,20,-1,20,21,5,-1,5,21,22,-1,5,22,23,-1,23,24,5,-1,5,24,25,-1,5,25,26,-1,
        ]
    }
}